genes,module
acss1,1
acss2,1
adh1a,1
adh1b,1
adh1c,1
adh4,1
adh5,1
adh6,1
adh7,1
adpgk,1
akr1a1,1
aldh1b1,1
aldh2,1
aldh3a1,1
aldh3a2,1
aldh3b1,1
aldh3b2,1
aldh7a1,1
aldh9a1,1
aldoa,1
aldob,1
aldoc,1
bpgm,1
dlat,1
dld,1
eno1,1
eno2,1
eno3,1
eno4,1
fbp1,1
fbp2,1
g6pc1,1
g6pc2,1
g6pc3,1
galm,1
gapdh,1
gapdhs,1
gck,1
gpi,1
hk1,1
hk2,1
hk3,1
hkdc1,1
ldha,1
ldhal6a,1
ldhal6b,1
ldhb,1
ldhc,1
minpp1,1
pck1,1
pck2,1
pdha1,1
pdha2,1
pdhb,1
pfkl,1
pfkm,1
pfkp,1
pgam1,1
pgam2,1
pgam4,1
pgk1,1
pgk2,1
pgm1,1
pgm2,1
pklr,1
pkm,1
tpi1,1
acly,1
aco1,1
aco2,1
cs,1
dlst,1
fh,1
idh1,1
idh2,1
idh3a,1
idh3b,1
idh3g,1
mdh1,1
mdh2,1
ogdh,1
ogdhl,1
pc,1
sdha,1
sdhb,1
sdhc,1
sdhd,1
sucla2,1
suclg1,1
suclg2,1
dera,1
g6pd,1
h6pd,1
idnk,1
pgd,1
pgls,1
prps1,1
prps1l1,1
prps2,1
rbks,1
rgn,1
rpe,1
rpel1,1
rpia,1
taldo1,1
tkt,1
tktl1,1
tktl2,1
akr1b1,1
akr1b10,1
cryl1,1
dcxr,1
dhdh,1
gusb,1
kl,1
sord,1
ugdh,1
ugp2,1
ugt1a1,1
ugt1a10,1
ugt1a3,1
ugt1a4,1
ugt1a5,1
ugt1a6,1
ugt1a7,1
ugt1a8,1
ugt1a9,1
ugt2a1,1
ugt2a2,1
ugt2a3,1
ugt2b10,1
ugt2b11,1
ugt2b15,1
ugt2b17,1
ugt2b28,1
ugt2b4,1
ugt2b7,1
xylb,1
fcsk,1
fpgt,1
gfus,1
gmds,1
gmppa,1
gmppb,1
khk,1
mpi,1
pfkfb1,1
pfkfb2,1
pfkfb3,1
pfkfb4,1
pmm1,1
pmm2,1
tigar,1
tkfc,1
b4galt1,1
b4galt2,1
gale,1
galk1,1
galt,1
gla,1
glb1,1
lalba,1
lct,1
gaa,1
ganc,1
mgam,1
mgam2,1
si,1
miox,1
acaca,1
acacb,1
acsbg1,1
acsbg2,1
acsf3,1
acsl1,1
acsl3,1
acsl4,1
acsl5,1
acsl6,1
cbr4,1
fasn,1
hsd17b8,1
htd2,1
mcat,1
mecr,1
olah,1
oxsm,1
acaa2,1
echs1,1
elovl1,1
elovl2,1
elovl3,1
elovl4,1
elovl5,1
elovl6,1
elovl7,1
hacd1,1
hacd2,1
hacd3,1
hacd4,1
hadh,1
hadha,1
hadhb,1
hsd17b12,1
ppt1,1
ppt2,1
tecr,1
acot1,1
acot2,1
acot4,1
acot7,1
them4,1
them5,1
acaa1,1
acadl,1
acadm,1
acads,1
acadsb,1
acadvl,1
acat1,1
acat2,1
acox1,1
acox3,1
cpt1a,1
cpt1b,1
cpt1c,1
cpt2,1
ehhadh,1
gcdh,1
cyp2u1,1
cel,1
cyp27b1,1
cyp2r1,1
cyp51a1,1
dhcr24,1
dhcr7,1
ebp,1
fdft1,1
hsd17b7,1
lbr,1
lipa,1
lss,1
msmo1,1
nsdhl,1
sc5d,1
soat1,1
soat2,1
sqle,1
tm7sf2,1
cyp24a1,1
acot8,1
acox2,1
akr1c4,1
akr1d1,1
amacr,1
baat,1
ch25h,1
cyp27a1,1
cyp39a1,1
cyp46a1,1
cyp7a1,1
cyp7b1,1
cyp8b1,1
hsd17b4,1
hsd3b7,1
scp2,1
slc27a5,1
coq2,1
coq5,1
coq6,1
coq7,1
ggcx,1
hpd,1
nqo1,1
tat,1
vkorc1,1
vkorc1l1,1
coq3,1
akr1c1,1
akr1c2,1
akr1c3,1
comt,1
cyp11a1,1
cyp11b1,1
cyp11b2,1
cyp17a1,1
cyp19a1,1
cyp1a1,1
cyp1a2,1
cyp1b1,1
cyp21a2,1
cyp2e1,1
cyp3a4,1
cyp3a5,1
cyp3a7,1
hsd11b1,1
hsd11b1l,1
hsd11b2,1
hsd17b1,1
hsd17b2,1
hsd17b3,1
hsd17b6,1
hsd3b1,1
hsd3b2,1
lrtomt,1
srd5a1,1
srd5a2,1
srd5a3,1
sts,1
sult1e1,1
sult2b1,1
dhrs11,1
atp12a,1
atp4a,1
atp4b,1
atp5f1a,1
atp5f1b,1
atp5f1c,1
atp5f1d,1
atp5f1e,1
atp5mc1,1
atp5mc2,1
atp5mc3,1
atp5me,1
atp5mf,1
atp5mg,1
atp5pb,1
atp5pd,1
atp5pf,1
atp5po,1
atp6,1
atp6ap1,1
atp6v0a1,1
atp6v0a2,1
atp6v0a4,1
atp6v0b,1
atp6v0c,1
atp6v0d1,1
atp6v0d2,1
atp6v0e1,1
atp6v0e2,1
atp6v1a,1
atp6v1b1,1
atp6v1b2,1
atp6v1c1,1
atp6v1c2,1
atp6v1d,1
atp6v1e1,1
atp6v1e2,1
atp6v1f,1
atp6v1g1,1
atp6v1g2,1
atp6v1g3,1
atp6v1h,1
atp8,1
tcirg1,1
lhpp,1
ppa1,1
ppa2,1
abhd14a.acy1,1
acy1,1
arg1,1
arg2,1
asl,1
ass1,1
cps1,1
gls,1
gls2,1
glud1,1
glud2,1
glul,1
got1,1
got1l1,1
got2,1
gpt,1
gpt2,1
nags,1
nos1,1
nos2,1
nos3,1
otc,1
ada,1
ada2,1
adcy1,1
adcy10,1
adcy2,1
adcy3,1
adcy4,1
adcy5,1
adcy6,1
adcy7,1
adcy8,1
adcy9,1
adk,1
adprm,1
adsl,1
adss1,1
adss2,1
ak1,1
ak2,1
ak3,1
ak4,1
ak5,1
ak6,1
ak7,1
ak8,1
ak9,1
ampd1,1
ampd2,1
ampd3,1
aprt,1
atic,1
cant1,1
dck,1
dguok,1
enpp1,1
enpp3,1
enpp4,1
entpd1,1
entpd2,1
entpd3,1
entpd4,1
entpd5,1
entpd6,1
entpd8,1
fhit,1
gart,1
gda,1
gmpr,1
gmpr2,1
gmps,1
gucy1a1,1
gucy1a2,1
gucy1b1,1
gucy2c,1
gucy2d,1
gucy2f,1
guk1,1
hddc2,1
hddc3,1
hprt1,1
impdh1,1
impdh2,1
itpa,1
lacc1,1
nme1.nme2,1
nme1,1
nme2,1
nme3,1
nme4,1
nme6,1
nme7,1
npr1,1
npr2,1
nt5c,1
nt5c1a,1
nt5c1b.rdh14,1
nt5c1b,1
nt5c2,1
nt5dc4,1
nt5e,1
nt5m,1
ntpcr,1
nudt16,1
nudt2,1
nudt5,1
nudt9,1
paics,1
pde10a,1
pde11a,1
pde1a,1
pde1b,1
pde1c,1
pde2a,1
pde3a,1
pde3b,1
pde4a,1
pde4b,1
pde4c,1
pde4d,1
pde5a,1
pde6a,1
pde6b,1
pde6c,1
pde6d,1
pde6g,1
pde6h,1
pde7a,1
pde7b,1
pde8a,1
pde8b,1
pde9a,1
pfas,1
pnp,1
ppat,1
prune1,1
rrm1,1
rrm2,1
rrm2b,1
xdh,1
cyp2a6,1
cyp2a7,1
nat1,1
nat2,1
asmtl,1
cad,1
cda,1
cmpk1,1
cmpk2,1
ctps1,1
ctps2,1
dctd,1
dctpp1,1
dhodh,1
dpyd,1
dpys,1
dtymk,1
dut,1
nt5c3a,1
nt5c3b,1
tk1,1
tk2,1
tymp,1
tyms,1
uck1,1
uck2,1
uckl1,1
umps,1
upp1,1
upp2,1
upb1,1
abat,1
agxt,1
agxt2,1
aldh4a1,1
aldh5a1,1
asns,1
aspa,1
asrgl1,1
ddo,1
folh1,1
gad1,1
gad2,1
gfpt1,1
gfpt2,1
il4i1,1
nat8l,1
nit2,1
rimkla,1
rimklb,1
alas1,1
alas2,1
amt,1
bhmt,1
cbs,1
chdh,1
dao,1
dmgdh,1
gamt,1
gatm,1
gcat,1
gldc,1
glyctk,1
gnmt,1
grhpr,1
loc102724560,1
phgdh,1
pipox,1
psat1,1
psph,1
sardh,1
sds,1
sdsl,1
shmt1,1
shmt2,1
srr,1
cth,1
adi1,1
ahcy,1
ahcyl1,1
ahcyl2,1
amd1,1
apip,1
bcat1,1
bcat2,1
bhmt2,1
cdo1,1
dnmt1,1
dnmt3a,1
dnmt3b,1
enoph1,1
gclc,1
gclm,1
kyat1,1
kyat3,1
mat1a,1
mat2a,1
mat2b,1
mpst,1
mri1,1
mtap,1
mtr,1
sms,1
srm,1
tst,1
gss,1
aacs,1
acad8,1
aldh6a1,1
aox1,1
auh,1
bckdha,1
bckdhb,1
dbt,1
hibadh,1
hibch,1
hmgcl,1
hmgcll1,1
hmgcs1,1
hmgcs2,1
hsd17b10,1
ivd,1
mccc1,1
mccc2,1
mcee,1
mmut,1
oxct1,1
oxct2,1
pcca,1
pccb,1
aadat,1
aass,1
ash1l,1
bbox1,1
camkmt,1
dhtkd1,1
dot1l,1
ehmt1,1
ehmt2,1
ezh1,1
ezh2,1
hykk,1
kmt2a,1
kmt2b,1
kmt2c,1
kmt2d,1
kmt2e,1
kmt5a,1
kmt5b,1
kmt5c,1
mecom,1
nsd1,1
nsd2,1
nsd3,1
phykpl,1
prdm16,1
prdm2,1
prdm6,1
prdm7,1
prdm9,1
setd1a,1
setd1b,1
setd2,1
setd7,1
setdb2,1
setmar,1
smyd1,1
smyd2,1
smyd3,1
suv39h1,1
suv39h2,1
plod1,1
plod2,1
plod3,1
setdb1,1
agmat,1
aldh18a1,1
aoc1,1
azin2,1
carns1,1
cndp1,1
cndp2,1
l3hypdh,1
lap3,1
loc102724788,1
maoa,1
maob,1
oat,1
odc1,1
p4ha1,1
p4ha2,1
p4ha3,1
prodh,1
prodh2,1
pycr1,1
pycr2,1
pycr3,1
sat1,1
sat2,1
smox,1
ckb,1
ckm,1
ckmt1a,1
ckmt1b,1
ckmt2,1
hoga1,1
amdhd1,1
carnmt1,1
ftcd,1
hal,1
hdc,1
hnmt,1
uroc1,1
aoc2,1
aoc3,1
dbh,1
dct,1
ddc,1
fah,1
gstz1,1
hgd,1
mif,1
pnmt,1
th,1
tpo,1
tyr,1
tyrp1,1
fahd1,1
pah,1
aanat,1
acmsd,1
afmid,1
aldh8a1,1
asmt,1
haao,1
ido1,1
ido2,1
kmo,1
kynu,1
tdo2,1
tph1,1
tph2,1
inmt,1
cat,1
csad,1
gadl1,1
mlycd,1
ado,1
fmo1,1
fmo2,1
fmo3,1
fmo4,1
fmo5,1
ggt1,1
ggt5,1
ggt6,1
ggt7,1
pcyt1a,1
pcyt1b,1
pcyt2,1
cept1,1
chpt1,1
selenoi,1
mars1,1
mars2,1
pstk,1
scly,1
sephs1,1
sephs2,1
sepsecs,1
txnrd1,1
txnrd2,1
txnrd3,1
dglucy,1
anpep,1
chac1,1
chac2,1
ggct,1
gpx1,1
gpx2,1
gpx3,1
gpx4,1
gpx5,1
gpx6,1
gpx7,1
gpx8,1
gsr,1
gsta1,1
gsta2,1
gsta3,1
gsta4,1
gsta5,1
gstk1,1
gstm1,1
gstm2,1
gstm3,1
gstm4,1
gstm5,1
gsto1,1
gsto2,1
gstp1,1
gstt1,1
gstt2,1
gstt2b,1
hpgds,1
lancl1,1
mgst1,1
mgst2,1
mgst3,1
nat8,1
nat8b,1
oplah,1
prdx6,1
txndc12,1
agl,1
amy1a,1
amy1b,1
amy1c,1
amy2a,1
amy2b,1
gba3,1
gbe1,1
gyg1,1
gyg2,1
gys1,1
gys2,1
pgm2l1,1
pygb,1
pygl,1
pygm,1
treh,1
alg1,1
alg10,1
alg10b,1
alg11,1
alg12,1
alg13,1
alg14,1
alg2,1
alg3,1
alg5,1
alg6,1
alg8,1
alg9,1
b4galt3,1
dad1,1
ddost,1
dolk,1
dolpp1,1
dpagt1,1
dpm1,1
dpm2,1
dpm3,1
fut8,1
ganab,1
man1a1,1
man1a2,1
man1b1,1
man1c1,1
man2a1,1
man2a2,1
mgat1,1
mgat2,1
mgat3,1
mgat4a,1
mgat4b,1
mgat4d,1
mgat5,1
mgat5b,1
mogs,1
rpn1,1
rpn2,1
stt3a,1
stt3b,1
tusc3,1
st6gal1,1
st6gal2,1
mgat4c,1
b3gnt3,1
b3gnt6,1
c1galt1,1
c1galt1c1,1
c1galt1c1l,1
galnt1,1
galnt10,1
galnt11,1
galnt12,1
galnt13,1
galnt14,1
galnt15,1
galnt16,1
galnt17,1
galnt18,1
galnt2,1
galnt3,1
galnt4,1
galnt5,1
galnt6,1
galnt7,1
galnt8,1
galnt9,1
galntl5,1
galntl6,1
gcnt1,1
gcnt3,1
poc1b.galnt4,1
st3gal1,1
st3gal2,1
st6galnac1,1
st6galnac2,1
gcnt4,1
b4galt5,1
st6galnac3,1
st6galnac4,1
b4galnt3,1
b4galnt4,1
chst8,1
chst9,1
st3gal3,1
b3galnt2,1
b3gat1,1
b3gat2,1
b4gat1,1
crppa,1
fkrp,1
fktn,1
pomgnt1,1
pomgnt2,1
pomk,1
pomt1,1
pomt2,1
rxylt1,1
chst10,1
fut4,1
fut9,1
large1,1
large2,1
amdhd2,1
chia,1
chit1,1
cmas,1
galk2,1
gne,1
gnpda1,1
gnpda2,1
gnpnat1,1
hexa,1
hexb,1
nagk,1
nanp,1
nans,1
npl,1
pgm3,1
renbp,1
uap1,1
uap1l1,1
uxs1,1
arsb,1
galns,1
gns,1
hgsnat,1
hpse,1
hpse2,1
hyal1,1
hyal2,1
hyal3,1
hyal4,1
ids,1
idua,1
sgsh,1
spam1,1
naglu,1
b3galt6,1
b3gat3,1
b4galt7,1
chpf,1
chpf2,1
chsy1,1
chsy3,1
csgalnact1,1
csgalnact2,1
xylt1,1
xylt2,1
ext1,1
ext2,1
extl2,1
extl3,1
extl1,1
agk,1
agpat1,1
agpat2,1
agpat3,1
agpat4,1
agpat5,1
dgat1,1
dgat2,1
dgka,1
dgkb,1
dgkd,1
dgke,1
dgkg,1
dgkh,1
dgki,1
dgkk,1
dgkq,1
dgkz,1
gk,1
gk2,1
gpam,1
gpat2,1
gpat3,1
gpat4,1
lclat1,1
lipc,1
lipf,1
lipg,1
lpin1,1
lpin2,1
lpin3,1
lpl,1
mboat1,1
mboat2,1
mgll,1
mogat1,1
mogat2,1
mogat3,1
plpp1,1
plpp2,1
plpp3,1
plpp4,1
plpp5,1
pnlip,1
pnliprp1,1
pnliprp2,1
pnliprp3,1
pnpla2,1
pnpla3,1
cdipt,1
fig4,1
impa1,1
impa2,1
inpp1,1
inpp4a,1
inpp4b,1
inpp5a,1
inpp5b,1
inpp5d,1
inpp5e,1
inpp5f,1
inpp5j,1
inpp5k,1
inppl1,1
ipmk,1
ippk,1
isyna1,1
itpk1,1
itpka,1
itpkb,1
itpkc,1
mtm1,1
mtmr1,1
mtmr14,1
mtmr2,1
mtmr3,1
mtmr4,1
mtmr6,1
mtmr7,1
mtmr8,1
ocrl,1
pi4k2a,1
pi4k2b,1
pi4ka,1
pi4kb,1
pik3c2a,1
pik3c2b,1
pik3c2g,1
pik3c3,1
pik3ca,1
pik3cb,1
pik3cd,1
pik3cg,1
pikfyve,1
pip4k2a,1
pip4k2b,1
pip4k2c,1
pip5k1a,1
pip5k1b,1
pip5k1c,1
pip5kl1,1
plcb1,1
plcb2,1
plcb3,1
plcb4,1
plcd1,1
plcd3,1
plcd4,1
plce1,1
plcg1,1
plcg2,1
plch1,1
plch2,1
plcz1,1
pten,1
sacm1l,1
synj1,1
synj2,1
gpaa1,1
gpld1,1
mppe1,1
piga,1
pigb,1
pigc,1
pigf,1
pigg,1
pigh,1
pigk,1
pigl,1
pigm,1
pign,1
pigo,1
pigp,1
pigq,1
pigs,1
pigt,1
pigu,1
pigv,1
pigw,1
pigx,1
pigy,1
pgap1,1
ache,1
cds1,1
cds2,1
chat,1
chka,1
chkb,1
crls1,1
etnk1,1
etnk2,1
gnpat,1
gpcpd1,1
gpd1,1
gpd1l,1
gpd2,1
jmjd7.pla2g4b,1
lcat,1
lpcat1,1
lpcat2,1
lpcat3,1
lpcat4,1
lpgat1,1
lypla1,1
lypla2,1
pemt,1
pgs1,1
phospho1,1
pisd,1
pla1a,1
pla2g10,1
pla2g12a,1
pla2g12b,1
pla2g15,1
pla2g1b,1
pla2g2a,1
pla2g2c,1
pla2g2d,1
pla2g2e,1
pla2g2f,1
pla2g3,1
pla2g4a,1
pla2g4b,1
pla2g4c,1
pla2g4d,1
pla2g4e,1
pla2g4f,1
pla2g5,1
pla2g6,1
plaat3,1
plb1,1
pld1,1
pld2,1
pld3,1
pld4,1
pnpla6,1
pnpla7,1
ptdss1,1
ptdss2,1
etnppl,1
tafazzin,1
enpp2,1
enpp6,1
gdpd1,1
gdpd3,1
pafah1b1,1
pafah1b2,1
pafah1b3,1
pafah2,1
peds1.ube2v1,1
peds1,1
pla2g7,1
tmem86b,1
ugt8,1
gal3st1,1
alox12,1
alox12b,1
alox15,1
alox15b,1
alox5,1
cbr1,1
cbr3,1
cyp2b6,1
cyp2c19,1
cyp2c8,1
cyp2c9,1
cyp2j2,1
cyp4f2,1
cyp4f3,1
cyp4f8,1
ephx2,1
lta4h,1
ltc4s,1
ptgds,1
ptges,1
ptges2,1
ptges3,1
ptgis,1
ptgs1,1
ptgs2,1
tbxas1,1
prxl2b,1
fads2,1
acer1,1
acer2,1
acer3,1
arsa,1
asah1,1
asah2,1
b4galnt1,1
b4galt6,1
cerk,1
cers1,1
cers2,1
cers3,1
cers4,1
cers5,1
cers6,1
degs1,1
degs2,1
enpp7,1
galc,1
gba,1
gba2,1
kdsr,1
neu1,1
neu2,1
neu3,1
neu4,1
sgms1,1
sgms2,1
sgpp1,1
sgpp2,1
smpd1,1
smpd2,1
smpd3,1
smpd4,1
sphk1,1
sphk2,1
sptlc1,1
sptlc2,1
sptlc3,1
ugcg,1
sgpl1,1
a4galt,1
abo,1
b3galnt1,1
b3galt1,1
b3galt2,1
b3galt5,1
b3gnt2,1
b3gnt4,1
b3gnt5,1
b4galt4,1
fut1,1
fut2,1
fut3,1
fut5,1
fut6,1
fut7,1
gcnt2,1
st3gal4,1
st3gal6,1
st8sia1,1
a3galt2,1
gbgt1,1
naga,1
b3galt4,1
slc33a1,1
st3gal5,1
st6galnac6,1
st8sia5,1
st6galnac5,1
acot12,1
acyp1,1
acyp2,1
glo1,1
hagh,1
ldhd,1
me1,1
me2,1
me3,1
gcsh,1
hao1,1
hao2,1
hyi,1
pgp,1
acss3,1
echdc1,1
acsm1,1
acsm2a,1
acsm2b,1
acsm3,1
acsm4,1
acsm5,1
acsm6,1
bdh1,1
bdh2,1
aldh1l1,1
aldh1l2,1
dhfr,1
dhfr2,1
mtfmt,1
mthfd1,1
mthfd1l,1
mthfd2,1
mthfd2l,1
mthfr,1
mthfs,1
st20.mthfs,1
acp1,1
alpg,1
alpi,1
alpl,1
alpp,1
thtpa,1
tpk1,1
acp2,1
acp5,1
blvrb,1
flad1,1
rfk,1
pdxk,1
pdxp,1
phospho2,1
pnpo,1
bst1,1
cd38,1
nadk,1
nadk2,1
nadsyn1,1
nampt,1
naprt,1
nmnat1,1
nmnat2,1
nmnat3,1
nmrk1,1
nmrk2,1
nnmt,1
nnt,1
nudt12,1
qprt,1
sirt1,1
sirt2,1
sirt3,1
sirt4,1
sirt5,1
sirt6,1
sirt7,1
aasdhppt,1
coasy,1
pank1,1
pank2,1
pank3,1
ppcdc,1
ppcs,1
vnn1,1
vnn2,1
btd,1
hlcs,1
lias,1
lipt1,1
lipt2,1
fpgs,1
gch1,1
ggh,1
gphn,1
mocs1,1
mocs2,1
pcbd1,1
pcbd2,1
pts,1
qdpr,1
spr,1
mocos,1
aldh1a1,1
aldh1a2,1
aldh1a3,1
awat2,1
bco1,1
cyp26a1,1
cyp26b1,1
cyp26c1,1
cyp2c18,1
cyp2s1,1
cyp2w1,1
dhrs3,1
dhrs4,1
dhrs4l2,1
dhrs9,1
lrat,1
pnpla4,1
rdh10,1
rdh11,1
rdh12,1
rdh13,1
rdh16,1
rdh5,1
rdh8,1
retsat,1
rpe65,1
sdr16c5,1
cyp27c1,1
alad,1
blvra,1
cox10,1
cox15,1
cp,1
cpox,1
fech,1
fxn,1
hccs,1
heph,1
hephl1,1
hmbs,1
hmox1,1
hmox2,1
ppox,1
urod,1
uros,1
dhdds,1
fdps,1
fnta,1
fntb,1
ggps1,1
hmgcr,1
icmt,1
idi1,1
idi2,1
mvd,1
mvk,1
nus1,1
pmvk,1
rce1,1
zmpste24,1
pdss1,1
pdss2,1
bpnt1,1
bpnt2,1
ethe1,1
papss1,1
papss2,1
selenbp1,1
sqor,1
suox,1
gatb,1
gatc,1
nars1,1
nars2,1
qars1,1
qrsl1,1
sars1,1
sars2,1
cyp2a13,1
cyp2d6,1
cyp2d7,1
cyp2f1,1
ephx1,1
loc107987478,1
loc107987479,1
sult2a1,1
ces1,1
ces2,1
mpo,1
tpmt,1
fads1,1
acod1,1
aspdh,1
colgalt1,1
colgalt2,1
ears2,1
eprs1,1
esd,1
l2hgdh,1
nfs1,1
pdhx,1
shpk,1
trit1,1
akt1,1
akt2,1
akt3,1
araf,1
axl,1
bcl2,1
bcl2l1,1
bcl2l11,1
braf,1
egf,1
egfr,1
eif4ebp1,1
erbb2,1
erbb3,1
fgf2,1
fgfr2,1
fgfr3,1
foxo3,1
gab1,1
gas6,1
grb2,1
hgf,1
hras,1
igf1,1
igf1r,1
il6,1
il6r,1
jak1,1
jak2,1
kdr,1
kras,1
map2k1,1
map2k2,1
mapk1,1
mapk3,1
met,1
mtor,1
nf1,1
nras,1
nrg1,1
nrg2,1
pdgfa,1
pdgfb,1
pdgfc,1
pdgfd,1
pdgfra,1
pdgfrb,1
pik3r1,1
pik3r2,1
pik3r3,1
prkca,1
prkcb,1
prkcg,1
raf1,1
rps6kb1,1
rps6kb2,1
shc1,1
shc2,1
shc3,1
shc4,1
sos1,1
sos2,1
src,1
tgfa,1
vegfa,1
bad,1
gsk3b,1
bax,1
eif4e,1
eif4e1b,1
eif4e2,1
stat3,1
rps6,1
carm1,1
ccnd1,1
cdk4,1
cdkn1a,1
cdkn1b,1
cdkn2a,1
cdkn2c,1
dll1,1
dll3,1
dll4,1
esr1,1
esr2,1
gnas,1
gper1,1
hbegf,1
jag1,1
jag2,1
mapk10,1
mapk11,1
mapk12,1
mapk13,1
mapk14,1
mapk8,1
mapk9,1
mdm2,1
med1,1
mmp2,1
mmp9,1
ncoa3,1
prkaca,1
prkacb,1
prkacg,1
ptk2,1
rb1,1
tp53,1
bik,1
fos,1
jun,1
sp1,1
notch1,1
notch2,1
notch3,1
notch4,1
ncor1,1
e2f1,1
e2f2,1
e2f3,1
chuk,1
ikbkb,1
ikbkg,1
nfkb1,1
rela,1
il1b,1
tnf,1
apaf1,1
atm,1
bbc3,1
birc2,1
birc3,1
birc5,1
casp8,1
casp9,1
cycs,1
fadd,1
fas,1
faslg,1
pdpk1,1
pmaip1,1
xiap,1
bak1,1
casp3,1
bid,1
map3k5,1
clp1,1
cpsf1,1
cpsf2,1
cpsf3,1
cpsf4,1
cpsf4l,1
cstf1,1
cstf2,1
cstf2t,1
cstf3,1
dazap1,1
etf1,1
fip1l1,1
gspt1,1
gspt2,1
hbs1l,1
msi1,1
msi2,1
ncbp1,1
nudt21,1
nxf1,1
nxf2,1
nxf2b,1
nxf3,1
ppp1ca,1
ppp1cb,1
ppp1cc,1
ppp2ca,1
ppp2cb,1
ppp2r1a,1
ppp2r1b,1
ppp2r2a,1
ppp2r2b,1
ppp2r2c,1
ppp2r2d,1
ppp2r3a,1
ppp2r3b,1
ppp2r3c,1
ppp2r5a,1
ppp2r5b,1
ppp2r5c,1
ppp2r5d,1
ppp2r5e,1
smg1,1
smg5,1
smg6,1
smg7,1
ssu72,1
sympk,1
upf1,1
upf2,1
upf3a,1
upf3b,1
wdr33,1
wdr82,1
pcf11,1
pabpc1,1
pabpc1l,1
pabpc1l2a,1
pabpc1l2b,1
pabpc3,1
pabpc4,1
pabpc4l,1
pabpc5,1
pelo,1
ncbp2,1
ncbp2l,1
cpsf6,1
cpsf7,1
nxt1,1
nxt2,1
pan2,1
btg1,1
btg2,1
btg3,1
btg4,1
cnot7,1
cnot8,1
pan3,1
tob1,1
tob2,1
aff4,1
cdk9,1
hgs,1
ppia,1
ran,1
tnpo3,1
ccnt1,1
ccnt2,1
ell,1
ell2,1
ell3,1
mllt1,1
mllt3,1
nelfa,1
nelfb,1
nelfcd,1
nelfe,1
supt4h1,1
supt5h,1
tsg101,1
xpo1,1
ppara,1
ppard,1
pparg,1
rxra,1
rxrb,1
rxrg,1
angptl4,1
apoa1,1
apoa2,1
apoa5,1
apoc3,1
dbi,1
fabp1,1
nr1h3,1
pltp,1
scd,1
scd5,1
slc27a1,1
slc27a4,1
ucp1,1
fabp3,1
ilk,1
ubc,1
adipoq,1
aqp7,1
aqp7b,1
cd36,1
fabp4,1
mmp1,1
olr1,1
plin1,1
plin2,1
plin4,1
plin5,1
sorbs1,1
babam1,1
brca1,1
brca2,1
brip1,1
palb2,1
rad50,1
rbbp8,1
sycp3,1
abraxas1,1
babam2,1
brcc3,1
uimc1,1
bard1,1
sem1,1
topbp1,1
mre11,1
nbn,1
atr,1
atrip,1
blm,1
cenps.cort,1
cenps,1
cenpx,1
faap100,1
faap24,1
fan1,1
fanca,1
fancb,1
fancc,1
fancd2,1
fance,1
fancf,1
fancg,1
fancl,1
fancm,1
hes1,1
mlh1,1
pms2,1
rmi1,1
rmi2,1
telo2,1
top3a,1
top3b,1
ube2t,1
usp1,1
wdr48,1
fanci,1
rpa1,1
rpa2,1
rpa3,1
rpa4,1
rad51,1
rad51c,1
angpt1,1
angpt2,1
angpt4,1
areg,1
bdnf,1
cacna1a,1
cacna1b,1
cacna1c,1
cacna1d,1
cacna1e,1
cacna1f,1
cacna1g,1
cacna1h,1
cacna1i,1
cacna1s,1
cacna2d1,1
cacna2d2,1
cacna2d3,1
cacna2d4,1
cacnb1,1
cacnb2,1
cacnb3,1
cacnb4,1
cacng1,1
cacng2,1
cacng3,1
cacng4,1
cacng5,1
cacng6,1
cacng7,1
cacng8,1
cd14,1
cdc42,1
csf1,1
daxx,1
dusp1,1
dusp10,1
dusp16,1
dusp2,1
dusp3,1
dusp4,1
dusp5,1
dusp6,1
dusp7,1
dusp8,1
dusp9,1
ecsit,1
efna1,1
efna2,1
efna3,1
efna4,1
efna5,1
elk1,1
elk4,1
ereg,1
fgf1,1
fgf10,1
fgf16,1
fgf17,1
fgf18,1
fgf19,1
fgf20,1
fgf21,1
fgf22,1
fgf23,1
fgf3,1
fgf4,1
fgf5,1
fgf6,1
fgf7,1
fgf8,1
fgf9,1
flt3lg,1
gadd45a,1
gadd45b,1
gadd45g,1
gna12,1
gng12,1
hspa1a,1
hspa1b,1
hspa1l,1
hspa2,1
hspa6,1
hspa8,1
igf2,1
il1a,1
il1r1,1
il1rap,1
ins,1
irak1,1
irak4,1
kitlg,1
lamtor3,1
map2k3,1
map2k4,1
map2k5,1
map2k6,1
map2k7,1
map3k1,1
map3k11,1
map3k12,1
map3k13,1
map3k14,1
map3k20,1
map3k4,1
map3k6,1
map3k7,1
map3k8,1
map4k1,1
map4k3,1
map4k4,1
mapk7,1
mapk8ip1,1
mapk8ip2,1
mapk8ip3,1
mapkapk2,1
mapkapk3,1
mapkapk5,1
mknk1,1
mknk2,1
mras,1
myd88,1
ngf,1
ntf3,1
ntf4,1
pak1,1
pak2,1
pgf,1
ppm1a,1
ppm1b,1
ppp3ca,1
ppp3cb,1
ppp3cc,1
ppp3r1,1
ppp3r2,1
ppp5c,1
ptpn5,1
ptpn7,1
ptprr,1
rac1,1
rac2,1
rac3,1
rap1a,1
rap1b,1
rapgef2,1
rasa1,1
rasa2,1
rasgrf1,1
rasgrf2,1
rasgrp1,1
rasgrp2,1
rasgrp3,1
rasgrp4,1
rps6ka1,1
rps6ka2,1
rps6ka3,1
rps6ka4,1
rps6ka5,1
rps6ka6,1
rras,1
rras2,1
srf,1
tab1,1
tab2,1
taok1,1
taok2,1
taok3,1
tgfb1,1
tgfb2,1
tgfb3,1
tgfbr1,1
tgfbr2,1
tnfrsf1a,1
tradd,1
traf2,1
traf6,1
vegfb,1
vegfc,1
vegfd,1
csf1r,1
epha2,1
erbb4,1
fgfr1,1
fgfr4,1
flt1,1
flt3,1
flt4,1
insr,1
kit,1
ngfr,1
ntrk1,1
ntrk2,1
tek,1
stk3,1
stk4,1
nfkb2,1
relb,1
arrb1,1
arrb2,1
crk,1
crkl,1
flna,1
flnb,1
flnc,1
nlk,1
mapt,1
myc,1
stmn1,1
jund,1
nfatc1,1
nfatc3,1
atf2,1
cdc25b,1
ddit3,1
max,1
mef2c,1
nr4a1,1
atf4,1
hspb1,1
map3k2,1
map3k3,1
map4k2,1
btc,1
bub1b.pak6,1
nck1,1
nck2,1
nrg3,1
nrg4,1
pak3,1
pak4,1
pak5,1
pak6,1
abl1,1
abl2,1
cbl,1
cblb,1
stat5a,1
stat5b,1
camk2a,1
camk2b,1
camk2d,1
camk2g,1
arf6,1
brap,1
calm1,1
calm2,1
calm3,1
calml3,1
calml4,1
calml5,1
calml6,1
exoc2,1
foxo4,1
gnb1,1
gnb2,1
gnb3,1
gnb4,1
gnb5,1
gng10,1
gng11,1
gng13,1
gng2,1
gng3,1
gng4,1
gng5,1
gng7,1
gng8,1
gngt1,1
gngt2,1
htr7,1
lat,1
rala,1
ralb,1
ralbp1,1
ralgds,1
rapgef5,1
rasa3,1
rasa4,1
rasa4b,1
rasal1,1
rasal2,1
rasal3,1
rassf1,1
rassf5,1
rgl1,1
rgl2,1
rin1,1
shoc2,1
syngap1,1
tbk1,1
tiam1,1
zap70,1
ksr1,1
ksr2,1
gab2,1
ptpn11,1
afdn,1
ets1,1
ets2,1
rhoa,1
rab5a,1
rab5b,1
rab5c,1
rel,1
adora2a,1
adora2b,1
apbb1ip,1
arap3,1
bcar1,1
cdh1,1
cnr1,1
ctnnb1,1
ctnnd1,1
dock4,1
drd2,1
enah,1
evl,1
f2r,1
f2rl3,1
farp2,1
fpr1,1
fyb1,1
gnaq,1
id1,1
krit1,1
lcp2,1
lpar1,1
lpar2,1
lpar3,1
lpar4,1
lpar5,1
magi1,1
magi2,1
magi3,1
p2ry1,1
pard3,1
pard6a,1
pard6b,1
pard6g,1
pfn1,1
pfn2,1
pfn3,1
pfn4,1
prkci,1
prkcz,1
prkd1,1
prkd2,1
prkd3,1
rap1gap,1
rapgef1,1
rapgef3,1
rapgef4,1
rapgef6,1
rgs14,1
sipa1,1
sipa1l1,1
sipa1l2,1
skap1,1
tln1,1
tln2,1
vasp,1
vav1,1
vav2,1
vav3,1
actb,1
actg1,1
gnai1,1
gnai2,1
gnai3,1
gnao1,1
thbs1,1
itgal,1
itgam,1
itgb1,1
itgb2,1
itga2b,1
itgb3,1
adra1a,1
adra1b,1
adra1d,1
adrb1,1
adrb2,1
adrb3,1
agtr1,1
asph,1
atp2a1,1
atp2a2,1
atp2a3,1
atp2b1,1
atp2b2,1
atp2b3,1
atp2b4,1
avpr1a,1
avpr1b,1
bdkrb1,1
bdkrb2,1
camk1,1
camk1d,1
camk1g,1
camk4,1
casq1,1
casq2,1
cckar,1
cckbr,1
chrm1,1
chrm2,1
chrm3,1
chrm5,1
chrna7,1
cxcr4,1
cysltr1,1
cysltr2,1
drd1,1
drd5,1
ednra,1
ednrb,1
gdnf,1
gna11,1
gna14,1
gna15,1
gnal,1
grin1,1
grin2a,1
grin2c,1
grin2d,1
grm1,1
grm5,1
grpr,1
hrc,1
hrh1,1
hrh2,1
htr2a,1
htr2b,1
htr2c,1
htr4,1
htr5a,1
htr6,1
itpr1,1
itpr2,1
itpr3,1
lhcgr,1
loc102723407,1
ltb4r2,1
mcoln1,1
mcoln2,1
mcoln3,1
mst1,1
mst1r,1
ntrk3,1
ntsr1,1
orai1,1
orai2,1
orai3,1
oxtr,1
p2rx1,1
p2rx2,1
p2rx3,1
p2rx4,1
p2rx5,1
p2rx6,1
p2rx7,1
phka1,1
phka2,1
phkb,1
phkg1,1
phkg2,1
pln,1
ppif,1
ptafr,1
ptger1,1
ptger3,1
ptgfr,1
ptk2b,1
ret,1
ryr1,1
ryr2,1
ryr3,1
slc25a31,1
slc25a4,1
slc25a5,1
slc25a6,1
slc8a1,1
slc8a2,1
slc8a3,1
stim1,1
stim2,1
tacr1,1
tacr2,1
tacr3,1
tbxa2r,1
tnnc1,1
tnnc2,1
tpcn1,1
tpcn2,1
trdn,1
trhr,1
vdac1,1
vdac2,1
vdac3,1
mylk,1
mylk2,1
mylk3,1
mylk4,1
adora1,1
adora3,1
adra2a,1
adra2b,1
adra2c,1
gata4,1
gna13,1
irag1,1
irs1,1
irs2,1
irs4,1
kcnma1,1
kcnmb1,1
kcnmb2,1
kcnmb3,1
kcnmb4,1
kcnu1,1
kng1,1
nfatc2,1
nfatc4,1
nppa,1
nppb,1
nppc,1
oprd1,1
pik3r5,1
pik3r6,1
ppp1r12a,1
prkce,1
prkg1,1
prkg2,1
rgs2,1
rock1,1
rock2,1
trpc6,1
cnga1,1
cngb1,1
myl9,1
borcs8.mef2b,1
mef2a,1
mef2b,1
mef2d,1
myh6,1
myh7,1
kcnj8,1
atf6b,1
atp1a1,1
atp1a2,1
atp1a3,1
atp1a4,1
atp1b1,1
atp1b2,1
atp1b3,1
atp1b4,1
creb1,1
creb3,1
creb3l1,1
creb3l2,1
creb3l3,1
creb3l4,1
creb5,1
fxyd2,1
gtf2i,1
gtf2ird1,1
adcyap1,1
adcyap1r1,1
cga,1
crebbp,1
crh,1
crhr1,1
crhr2,1
edn1,1
edn2,1
edn3,1
ep300,1
ffar2,1
fshb,1
fshr,1
fxyd1,1
gabbr1,1
gabbr2,1
gcg,1
ghrl,1
ghsr,1
gip,1
gipr,1
gli3,1
glp1r,1
gpha2,1
gphb5,1
gpr119,1
hcar1,1
hcar2,1
hcar3,1
htr1a,1
htr1b,1
htr1d,1
htr1e,1
htr1f,1
lhb,1
mc2r,1
nfkbia,1
npy,1
npy1r,1
oxt,1
pomc,1
ppp1r1b,1
ptger2,1
sox9,1
sst,1
sstr1,1
sstr2,1
sstr5,1
sucnr1,1
tshb,1
tshr,1
vip,1
vipr2,1
cnga2,1
cnga3,1
cnga4,1
cngb3,1
hcn2,1
hcn4,1
gli1,1
hhip,1
ptch1,1
amh,1
cftr,1
gria1,1
gria2,1
gria3,1
gria4,1
grin2b,1
grin3a,1
grin3b,1
lipe,1
slc9a1,1
tnni3,1
acvr1,1
acvr1b,1
acvr1c,1
acvr2a,1
acvr2b,1
acvrl1,1
amhr2,1
bmp10,1
bmp15,1
bmp2,1
bmp3,1
bmp4,1
bmp5,1
bmp6,1
bmp7,1
bmp8a,1
bmp8b,1
bmpr1a,1
bmpr1b,1
bmpr2,1
ccl1,1
ccl11,1
ccl13,1
ccl14,1
ccl15,1
ccl16,1
ccl17,1
ccl19,1
ccl2,1
ccl20,1
ccl21,1
ccl22,1
ccl23,1
ccl24,1
ccl25,1
ccl26,1
ccl27,1
ccl28,1
ccl3,1
ccl3l1,1
ccl3l3,1
ccl4,1
ccl4l1,1
ccl4l2,1
ccl5,1
ccl7,1
ccl8,1
cd40lg,1
cd70,1
clcf1,1
cntf,1
cntfr,1
crlf2,1
csf2,1
csf2ra,1
csf2rb,1
csf3,1
csh1,1
csh2,1
ctf1,1
cx3cl1,1
cxcl1,1
cxcl10,1
cxcl11,1
cxcl12,1
cxcl13,1
cxcl16,1
cxcl2,1
cxcl3,1
cxcl5,1
cxcl6,1
cxcl8,1
cxcl9,1
ebi3,1
eda,1
epo,1
gdf1,1
gdf10,1
gdf11,1
gdf15,1
gdf2,1
gdf3,1
gdf5,1
gdf6,1
gdf7,1
gdf9,1
gh1,1
gh2,1
ifna1,1
ifna10,1
ifna13,1
ifna14,1
ifna16,1
ifna17,1
ifna2,1
ifna21,1
ifna4,1
ifna5,1
ifna6,1
ifna7,1
ifna8,1
ifnar1,1
ifnar2,1
ifnb1,1
ifne,1
ifng,1
ifngr1,1
ifngr2,1
ifnk,1
ifnl1,1
ifnl2,1
ifnl3,1
ifnlr1,1
ifnw1,1
il10,1
il10ra,1
il10rb,1
il11,1
il11ra,1
il12a,1
il12b,1
il12rb1,1
il12rb2,1
il13,1
il13ra1,1
il13ra2,1
il15,1
il15ra,1
il16,1
il17a,1
il17b,1
il17c,1
il17f,1
il17ra,1
il17rb,1
il17rc,1
il18,1
il18r1,1
il18rap,1
il19,1
il1f10,1
il1rl1,1
il1rl2,1
il1rn,1
il2,1
il20,1
il20ra,1
il20rb,1
il21,1
il21r,1
il22,1
il22ra1,1
il23a,1
il23r,1
il24,1
il25,1
il26,1
il27,1
il27ra,1
il2ra,1
il2rb,1
il2rg,1
il3,1
il31,1
il31ra,1
il33,1
il34,1
il36a,1
il36b,1
il36g,1
il36rn,1
il37,1
il3ra,1
il4,1
il4r,1
il5,1
il5ra,1
il6st,1
il7,1
il7r,1
il9,1
il9r,1
inha,1
inhba,1
inhbb,1
lep,1
lif,1
lifr,1
lta,1
ltb,1
mstn,1
nodal,1
osm,1
osmr,1
pf4,1
pf4v1,1
ppbp,1
prl,1
thpo,1
tnfsf10,1
tnfsf11,1
tnfsf12,1
tnfsf13,1
tnfsf13b,1
tnfsf14,1
tnfsf15,1
tnfsf18,1
tnfsf4,1
tnfsf8,1
tnfsf9,1
tslp,1
xcl1,1
xcl2,1
ackr4,1
ccr8,1
ccr3,1
ccr1,1
ccr2,1
ccr4,1
ccr7,1
ccr6,1
ccr9,1
ccr10,1
ccr5,1
cd40,1
cd27,1
csf3r,1
ghr,1
cx3cr1,1
cxcr1,1
cxcr2,1
cxcr3,1
ackr3,1
cxcr5,1
cxcr6,1
eda2r,1
edar,1
epor,1
tnfrsf6b,1
cd4,1
il17re,1
il1r2,1
lepr,1
ltbr,1
tnfrsf14,1
tnfrsf1b,1
prlr,1
mpl,1
tnfrsf10a,1
tnfrsf10b,1
tnfrsf10c,1
tnfrsf10d,1
tnfrsf11a,1
tnfrsf11b,1
tnfrsf12a,1
tnfrsf13b,1
tnfrsf17,1
tnfrsf13c,1
tnfrsf25,1
tnfrsf18,1
tnfrsf4,1
tnfrsf8,1
tnfrsf9,1
xcr1,1
ccl18,1
cxcl14,1
dock2,1
elmo1,1
fgr,1
grk1,1
grk2,1
grk3,1
grk4,1
grk5,1
grk6,1
grk7,1
hck,1
itk,1
jak3,1
lyn,1
nfkbib,1
prex1,1
prkcd,1
pxn,1
gsk3a,1
was,1
stat1,1
stat2,1
ncf1,1
blnk,1
btk,1
csnk2a1,1
csnk2a2,1
csnk2a3,1
csnk2b,1
cyld,1
ddx58,1
edaradd,1
prkcq,1
ripk1,1
syk,1
tab3,1
ticam1,1
ticam2,1
tirap,1
tlr4,1
traf3,1
traf5,1
trim25,1
bcl2a1,1
cflar,1
plau,1
tnfaip3,1
traf1,1
vcam1,1
icam1,1
card10,1
card11,1
card14,1
arnt,1
cybb,1
egln1,1
egln2,1
egln3,1
elob,1
eloc,1
hif1a,1
pdk1,1
rbx1,1
vhl,1
serpine1,1
slc2a1,1
tf,1
tfrc,1
timp1,1
agap2,1
c8orf44.sgk3,1
cdk2,1
csnk1e,1
foxo1,1
foxo6,1
homer1,1
homer2,1
homer3,1
prkaa1,1
prkaa2,1
prkab1,1
prkab2,1
prkag1,1
prkag2,1
prkag3,1
prmt1,1
sgk1,1
sgk2,1
sgk3,1
smad4,1
stk11,1
tptep2.csnk1e,1
usp7,1
atg12,1
bcl6,1
bnip3,1
ccnb1,1
ccnb2,1
ccnb3,1
ccnd2,1
ccng2,1
cdkn2b,1
cdkn2d,1
fbxo25,1
fbxo32,1
gabarap,1
gabarapl1,1
gabarapl2,1
klf2,1
plk1,1
plk2,1
plk3,1
plk4,1
rag1,1
rag2,1
rbl2,1
s1pr1,1
s1pr4,1
sod2,1
smad3,1
ip6k1,1
ip6k2,1
ip6k3,1
ppip5k1,1
ppip5k2,1
pip4p1,1
pip4p2,1
ctsd,1
fcer1a,1
fcer1g,1
fyn,1
ms4a2,1
nsmaf,1
s1pr2,1
s1pr3,1
s1pr5,1
agt,1
arf1,1
avp,1
avpr2,1
cyth1,1
cyth2,1
cyth3,1
cyth4,1
f2,1
grm2,1
grm3,1
grm4,1
grm6,1
grm7,1
grm8,1
lpar6,1
rheb,1
tsc1,1
tsc2,1
adm,1
adm2,1
apela,1
apln,1
c3,1
c5,1
calca,1
calcb,1
cck,1
cort,1
ctsg,1
gal,1
galp,1
ghrh,1
gnrh1,1
gnrh2,1
grp,1
gzma,1
hcrt,1
iapp,1
insl3,1
insl5,1
kiss1,1
lynx1,1
lypd6,1
lypd6b,1
mln,1
nmb,1
nms,1
nmu,1
npb,1
npff,1
nps,1
npvf,1
npw,1
nts,1
pate1,1
pate2,1
pate3,1
pate4,1
pdyn,1
penk,1
plg,1
pmch,1
pnoc,1
ppy,1
prlh,1
prss1,1
prss2,1
prss3,1
pth,1
pth2,1
pyy,1
qrfp,1
rln1,1
rln2,1
rln3,1
sct,1
slurp1,1
slurp2,1
spx,1
tac1,1
tac3,1
tac4,1
trh,1
ucn,1
ucn2,1
ucn3,1
uts2,1
uts2b,1
vgf,1
calcr,1
calcrl,1
agtr2,1
mas1,1
aplnr,1
c3ar1,1
c5ar1,1
sstr3,1
sstr4,1
f2rl1,1
f2rl2,1
galr1,1
galr2,1
galr3,1
gcgr,1
glp2r,1
ghrhr,1
gnrhr,1
brs3,1
nmbr,1
hcrtr1,1
hcrtr2,1
rxfp1,1
rxfp2,1
rxfp3,1
rxfp4,1
kiss1r,1
chrna1,1
chrna10,1
chrna2,1
chrna3,1
chrna4,1
chrna5,1
chrna6,1
chrna9,1
chrnb1,1
chrnb2,1
chrnb3,1
chrnb4,1
chrnd,1
chrne,1
chrng,1
mlnr,1
nmur1,1
nmur2,1
npbwr1,1
npbwr2,1
npffr1,1
npffr2,1
npsr1,1
gpr83,1
npy2r,1
npy4r,1
npy4r2,1
npy5r,1
ntsr2,1
oprk1,1
oprl1,1
oprm1,1
mchr1,1
mchr2,1
mc1r,1
mc3r,1
mc4r,1
mc5r,1
prlhr,1
pth1r,1
pth2r,1
qrfpr,1
sctr,1
uts2r,1
vipr1,1
anapc1,1
anapc10,1
anapc11,1
anapc13,1
anapc15,1
anapc16,1
anapc2,1
anapc4,1
anapc5,1
anapc7,1
bub1,1
bub1b,1
bub3,1
ccna1,1
ccna2,1
ccnd3,1
ccne1,1
ccne2,1
ccnh,1
cdc14a,1
cdc14b,1
cdc16,1
cdc20,1
cdc23,1
cdc25a,1
cdc25c,1
cdc26,1
cdc27,1
cdc45,1
cdc6,1
cdc7,1
cdk1,1
cdk6,1
cdk7,1
cdkn1c,1
chek1,1
chek2,1
cul1,1
dbf4,1
e2f4,1
e2f5,1
espl1,1
fzr1,1
hdac1,1
hdac2,1
mad1l1,1
mad2l1,1
mad2l2,1
mcm2,1
mcm3,1
mcm4,1
mcm5,1
mcm6,1
mcm7,1
orc1,1
orc2,1
orc3,1
orc4,1
orc5,1
orc6,1
pcna,1
pkmyt1,1
prkdc,1
pttg1,1
pttg2,1
rad21,1
rbl1,1
sfn,1
skp1,1
skp2,1
smad2,1
smc1a,1
smc1b,1
smc3,1
stag1,1
stag2,1
tfdp1,1
tfdp2,1
ttk,1
wee1,1
wee2,1
ywhab,1
ywhae,1
ywhag,1
ywhah,1
ywhaq,1
ywhaz,1
zbtb17,1
ar,1
aurka,1
btrc,1
fbxo43,1
fbxo5,1
fbxw11,1
mos,1
pgr,1
sgo1,1
slk,1
spdya,1
spdyc,1
spdye1,1
spdye11,1
spdye15,1
spdye16,1
spdye17,1
spdye18,1
spdye2,1
spdye2b,1
spdye3,1
spdye4,1
spdye5,1
spdye6,1
cpeb1,1
cpeb2,1
cpeb3,1
cpeb4,1
rec8,1
igfbp3,1
mdm4,1
siah1,1
siva1,1
tp53aip1,1
adgrb1,1
aifm2,1
ccng1,1
cd82,1
cop1,1
ddb2,1
ei24,1
gtse1,1
perp,1
pidd1,1
ppm1d,1
rchy1,1
rprm,1
serpinb5,1
sesn1,1
sesn2,1
sesn3,1
shisa5,1
steap3,1
tp53i3,1
tp73,1
zmat3,1
ctu1,1
urm1,1
ctu2,1
mocs3,1
bet1,1
bet1l,1
bnip1,1
gosr2,1
sec22b,1
snap23,1
stx16,1
stx18,1
stx1a,1
stx1b,1
stx2,1
stx3,1
stx4,1
stx5,1
stx6,1
stx7,1
stx8,1
use1,1
vamp1,1
vamp2,1
vamp3,1
vamp4,1
vti1a,1
vti1b,1
ykt6,1
atg10,1
atg101,1
atg13,1
atg16l1,1
atg3,1
atg4a,1
atg4b,1
atg4c,1
atg4d,1
atg5,1
atg7,1
igbp1,1
mlst8,1
rptor,1
ulk2,1
atg9a,1
atg9b,1
bcl2l13,1
bnip3l,1
calcoco2,1
cited2,1
eif2ak3,1
fis1,1
fundc1,1
mfn2,1
mitf,1
nbr1,1
optn,1
pgam5,1
pink1,1
prkn,1
rps27a,1
sqstm1,1
tax1bp1,1
tbc1d15,1
tbc1d17,1
tfe3,1
tfeb,1
tomm7,1
uba52,1
ubb,1
ulk1,1
usp8,1
map1lc3a,1
map1lc3b,1
map1lc3b2,1
map1lc3c,1
becn1,1
becn2,1
rhot1,1
rhot2,1
ambra1,1
mfn1,1
rab7a,1
rab7b,1
akt1s1,1
atg14,1
atg16l2,1
atg2a,1
atg2b,1
c9orf72,1
camkk2,1
dapk1,1
dapk2,1
dapk3,1
ddit4,1
deptor,1
eif2ak4,1
ern1,1
hmgb1,1
nrbf2,1
pik3r4,1
prap1,1
rab1a,1
rab33b,1
rab39b,1
rab8a,1
rb1cc1,1
rraga,1
rragb,1
rragc,1
rragd,1
rubcn,1
sh3glb1,1
smcr8,1
snap29,1
stx17,1
supt20h,1
tank,1
tp53inp2,1
uvrag,1
vmp1,1
wdr41,1
wipi1,1
wipi2,1
eif2s1,1
zfyve1,1
vamp8,1
atf6,1
capn1,1
capn2,1
eif2ak1,1
eif2ak2,1
ero1a,1
ero1b,1
nfe2l2,1
nploc4,1
nsfl1c,1
ppp1r15a,1
preb,1
sec13,1
sec31a,1
sec31b,1
svip,1
ubxn1,1
ubxn2a,1
ubxn4,1
ubxn6,1
ubxn8,1
wfs1,1
xbp1,1
casp12,1
erp29,1
p4hb,1
pdia4,1
pdia6,1
txndc5,1
ufd1,1
vcp,1
sar1a,1
sar1b,1
sec23a,1
sec23b,1
sec24a,1
sec24b,1
sec24c,1
sec24d,1
ap2a1,1
ap2a2,1
ap2b1,1
ap2m1,1
ap2s1,1
cblc,1
chmp1a,1
chmp1b,1
chmp4a,1
chmp4b,1
chmp4c,1
chmp5,1
chmp7,1
clta,1
cltb,1
cltc,1
cltcl1,1
dab2,1
ehd1,1
ehd3,1
epn1,1
epn2,1
epn3,1
eps15,1
eps15l1,1
itch,1
ldlrap1,1
mvb12a,1
mvb12b,1
nedd4,1
nedd4l,1
rab11fip1,1
rab11fip2,1
rab11fip5,1
rab4a,1
rbsn,1
rnf41,1
sh3gl1,1
sh3gl2,1
sh3gl3,1
sh3glb2,1
sh3kbp1,1
smurf1,1
smurf2,1
vps45,1
vps4a,1
vps4b,1
vta1,1
wwp1,1
ehd2,1
chmp2a,1
chmp2b,1
pdcd6ip,1
ldlr,1
stam,1
stam2,1
rab11a,1
rab11b,1
rufy1,1
rufy2,1
cav1,1
cav2,1
cav3,1
dync1h1,1
dync1i1,1
dync1i2,1
dync1li1,1
dync1li2,1
dync2h1,1
eea1,1
rilp,1
tuba1a,1
tuba1b,1
tuba1c,1
tuba3c,1
tuba3d,1
tuba3e,1
tuba4a,1
tuba8,1
tubal3,1
tubb,1
tubb1,1
tubb2a,1
tubb2b,1
tubb3,1
tubb4a,1
tubb4b,1
tubb6,1
tubb8,1
pex1,1
pex13,1
pex5,1
pex5l,1
pex6,1
pex7,1
pex14,1
pex26,1
cab39,1
cab39l,1
castor1,1
depdc5,1
dvl1,1
dvl2,1
dvl3,1
flcn,1
fnip1,1
fnip2,1
fzd1,1
fzd10,1
fzd2,1
fzd3,1
fzd4,1
fzd5,1
fzd6,1
fzd7,1
fzd8,1
fzd9,1
grb10,1
lamtor1,1
lamtor2,1
lamtor4,1
lamtor5,1
lrp5,1
lrp6,1
mios,1
nprl2,1
nprl3,1
rictor,1
rnf152,1
seh1l,1
slc38a9,1
slc7a5,1
strada,1
stradb,1
tbc1d7.loc100130357,1
tbc1d7,1
wdr24,1
wdr59,1
wnt1,1
wnt10a,1
wnt10b,1
wnt11,1
wnt16,1
wnt2,1
wnt2b,1
wnt3,1
wnt3a,1
wnt4,1
wnt5a,1
wnt5b,1
wnt6,1
wnt7a,1
wnt7b,1
wnt8a,1
wnt8b,1
wnt9a,1
wnt9b,1
castor2,1
clip1,1
tti1,1
mapkap1,1
prr5,1
prr5l,1
eif4b,1
slc3a2,1
cd19,1
cdc37,1
chad,1
col1a1,1
col1a2,1
col2a1,1
col4a1,1
col4a2,1
col4a3,1
col4a4,1
col4a5,1
col4a6,1
col6a1,1
col6a2,1
col6a3,1
col6a5,1
col6a6,1
col9a1,1
col9a2,1
col9a3,1
comp,1
crtc2,1
fn1,1
hsp90aa1,1
hsp90ab1,1
hsp90b1,1
ibsp,1
itga1,1
itga10,1
itga11,1
itga2,1
itga3,1
itga4,1
itga5,1
itga6,1
itga7,1
itga8,1
itga9,1
itgav,1
itgb4,1
itgb5,1
itgb6,1
itgb7,1
itgb8,1
lama1,1
lama2,1
lama3,1
lama4,1
lama5,1
lamb1,1
lamb2,1
lamb3,1
lamb4,1
lamc1,1
lamc2,1
lamc3,1
mtcp1,1
phlpp1,1
phlpp2,1
pik3ap1,1
reln,1
spp1,1
tcl1a,1
tcl1b,1
thbs2,1
thbs3,1
thbs4,1
tlr2,1
tnc,1
tnn,1
tnr,1
tnxb,1
vtn,1
vwf,1
mcl1,1
myb,1
pkn1,1
pkn2,1
pkn3,1
adipor1,1
adipor2,1
eef2k,1
elavl1,1
hnf4a,1
ppargc1a,1
rab10,1
rab14,1
rab2a,1
srebf1,1
tbc1d1,1
eef2,1
slc2a4,1
casp10,1
casp2,1
casp6,1
casp7,1
ctsb,1
ctsc,1
ctsf,1
ctsh,1
ctsk,1
ctsl,1
ctso,1
ctss,1
ctsv,1
ctsw,1
ctsz,1
dab2ip,1
diablo,1
gzmb,1
htra2,1
septin4,1
dffa,1
parp1,1
parp2,1
parp3,1
parp4,1
spta1,1
sptan1,1
lmna,1
lmnb1,1
lmnb2,1
hrk,1
ptpn13,1
appl1,1
eif4ebp2,1
foxa2,1
cryab,1
sod1,1
birc7,1
ncoa4,1
pcbp2,1
slc7a11,1
fth1,1
ftl,1
ftmt,1
aifm1,1
casp1,1
chmp3,1
chmp6,1
faf1,1
h2ab1,1
h2ab2,1
h2ab3,1
h2ac1,1
h2ac11,1
h2ac12,1
h2ac13,1
h2ac14,1
h2ac15,1
h2ac16,1
h2ac17,1
h2ac18,1
h2ac19,1
h2ac20,1
h2ac21,1
h2ac4,1
h2ac6,1
h2ac7,1
h2ac8,1
h2aj,1
h2aw,1
h2ax,1
h2az1,1
h2az2,1
irf9,1
macroh2a1,1
macroh2a2,1
mlkl,1
nlrp3,1
ppid,1
pycard,1
rbck1,1
ripk3,1
rnf103.chmp3,1
rnf31,1
sharpin,1
spata2,1
spata2l,1
stat4,1
stat6,1
tlr3,1
tyk2,1
usp21,1
zbp1,1
trpm7,1
dnm1l,1
foxm1,1
hipk1,1
hipk2,1
hipk3,1
hipk4,1
hla.a,1
hla.b,1
hla.c,1
hla.e,1
hla.f,1
hla.g,1
hus1,1
kir2dl4,1
mybl2,1
rad1,1
rad9a,1
rad9b,1
traf3ip2,1
lin37,1
lin52,1
lin54,1
lin9,1
rbbp4,1
zfp36l1,1
zfp36l2,1
actc1,1
tnnt2,1
tpm1,1
tpm2,1
tpm3,1
tpm4,1
myl2,1
myl3,1
myl4,1
crem,1
ppp1r1a,1
scn1b,1
scn4b,1
scn5a,1
scn7a,1
kcne1,1
kcnq1,1
loc102723475,1
arhgef1,1
arhgef11,1
arhgef12,1
myh10,1
myh11,1
myh14,1
myh9,1
myl6,1
myl6b,1
ppp1r12b,1
ppp1r12c,1
ppp1r14a,1
prkch,1
ptgir,1
ramp1,1
ramp2,1
ramp3,1
cald1,1
acta2,1
actg2,1
apc,1
apc2,1
axin1,1
axin2,1
bambi,1
cacybp,1
cer1,1
chd8,1
csnk1a1,1
csnk1a1l,1
ctbp1,1
ctbp2,1
ctnnbip1,1
ctnnd2,1
cxxc4,1
daam1,1
daam2,1
dkk1,1
dkk2,1
dkk4,1
frat1,1
frat2,1
frzb,1
invs,1
lef1,1
nkd1,1
nkd2,1
notum,1
porcn,1
prickle1,1
prickle2,1
prickle3,1
prickle4,1
psen1,1
rnf43,1
rspo1,1
rspo2,1
rspo3,1
rspo4,1
ruvbl1,1
senp2,1
serpinf1,1
sfrp1,1
sfrp2,1
sfrp4,1
sfrp5,1
sost,1
sox17,1
tbl1x,1
tbl1xr1,1
tbl1y,1
tcf7,1
tcf7l1,1
tcf7l2,1
tle1,1
tle2,1
tle3,1
tle4,1
tle6,1
tle7,1
wif1,1
znrf3,1
vangl1,1
vangl2,1
gpc4,1
ror1,1
ror2,1
ryk,1
fosl1,1
mmp7,1
lgr4,1
lgr5,1
lgr6,1
adam17,1
aph1a,1
aph1b,1
atxn1,1
atxn1l,1
cir1,1
kat2a,1
kat2b,1
lfng,1
maml1,1
maml2,1
maml3,1
mfng,1
ncor2,1
ncstn,1
numb,1
numbl,1
psen2,1
psenen,1
rbpj,1
rbpjl,1
rfng,1
dtx1,1
dtx2,1
dtx3,1
dtx3l,1
dtx4,1
hes5,1
hey1,1
hey2,1
heyl,1
ptcra,1
snw1,1
csnk1d,1
csnk1g1,1
csnk1g2,1
csnk1g3,1
cul3,1
dhh,1
efcab7,1
evc,1
evc2,1
gli2,1
gpr161,1
hhatl,1
ihh,1
iqce,1
kif3a,1
megf8,1
mgrn1,1
mosmo,1
ptch2,1
shh,1
smo,1
spop,1
spopl,1
sufu,1
boc,1
cdon,1
disp1,1
gas1,1
lrp2,1
kif7,1
hhat,1
chrd,1
dcn,1
fmod,1
fst,1
grem1,1
grem2,1
hjv,1
inhbc,1
inhbe,1
lefty1,1
lefty2,1
ltbp1,1
micos10.nbl1,1
nbl1,1
neo1,1
nog,1
rgma,1
rgmb,1
smad1,1
smad5,1
smad6,1
smad7,1
smad9,1
tgif1,1
tgif2,1
zfyve16,1
zfyve9,1
hamp,1
id2,1
id3,1
id4,1
pitx2,1
cdk5,1
dcc,1
dpysl2,1
dpysl5,1
efnb1,1
efnb2,1
efnb3,1
epha1,1
epha3,1
epha4,1
epha5,1
epha6,1
epha7,1
epha8,1
ephb1,1
ephb2,1
ephb3,1
ephb4,1
ephb6,1
fes,1
l1cam,1
limk1,1
limk2,1
lrig2,1
ngef,1
ntn1,1
ntng1,1
ntng2,1
plxna1,1
plxna2,1
plxna3,1
plxna4,1
plxnb1,1
plxnb2,1
plxnb3,1
rgs3,1
rhod,1
rnd1,1
robo1,1
robo2,1
robo3,1
sema3a,1
sema3b,1
sema3c,1
sema3d,1
sema3e,1
sema3f,1
sema3g,1
sema4a,1
sema4b,1
sema4c,1
sema4d,1
sema4f,1
sema4g,1
sema7a,1
slit1,1
slit2,1
srgap1,1
srgap2,1
srgap3,1
ssh1,1
ssh2,1
ssh3,1
trpc1,1
trpc3,1
trpc4,1
trpc5,1
unc5a,1
unc5b,1
unc5c,1
unc5d,1
ablim1,1
ablim2,1
ablim3,1
nrp1,1
cfl1,1
cfl2,1
lrrc4c,1
lrrc4,1
myl12a,1
myl12b,1
myl5,1
plxnc1,1
sh2d2a,1
egr1,1
hdac4,1
hdac5,1
nrf1,1
tfam,1
plat,1
ccn2,1
fcgr1a,1
fcgr2a,1
fcgr2b,1
fcgr2c,1
fcgr3a,1
fcgr3b,1
fhl2,1
fosb,1
fosl2,1
junb,1
lck,1
lilra1,1
lilra2,1
lilra3,1
lilra4,1
lilra5,1
lilra6,1
lilrb1,1
lilrb2,1
lilrb3,1
lilrb4,1
lilrb5,1
loc102725035,1
oscar,1
sirpa,1
sirpb1,1
sirpg,1
socs1,1
socs3,1
tec,1
trem2,1
tyrobp,1
cyba,1
ncf2,1
ncf4,1
nox1,1
ajuba,1
amot,1
ctnna1,1
ctnna2,1
ctnna3,1
dlg1,1
dlg2,1
dlg3,1
dlg4,1
dlg5,1
frmd1,1
frmd6,1
lats1,1
lats2,1
limd1,1
llgl1,1
llgl2,1
nf2,1
pals1,1
patj,1
rassf6,1
scrib,1
tead1,1
tead2,1
tead3,1
tead4,1
tp53bp2,1
wtip,1
wwc1,1
wwtr1,1
yap1,1
sav1,1
snai2,1
sox2,1
mob1a,1
mob1b,1
afp,1
dchs1,1
dchs2,1
fat4,1
rassf2,1
rassf4,1
actn1,1
actn4,1
arhgap35,1
arhgap5,1
diaph1,1
dock1,1
myl10,1
myl7,1
mylpf,1
parva,1
parvb,1
parvg,1
vcl,1
zyx,1
agrn,1
dmp1,1
dspp,1
fras1,1
frem1,1
frem2,1
gp1ba,1
gp1bb,1
gp5,1
gp9,1
hspg2,1
npnt,1
dag1,1
cd44,1
gp6,1
sdc1,1
sdc4,1
cd47,1
sv2a,1
sv2b,1
sv2c,1
alcam,1
cd274,1
cd28,1
cd34,1
cd58,1
cd80,1
cd86,1
cntn1,1
cntn2,1
cntnap1,1
cntnap2,1
f11r,1
hla.dma,1
hla.dmb,1
hla.doa,1
hla.dob,1
hla.dpa1,1
hla.dpb1,1
hla.dqa1,1
hla.dqa2,1
hla.dqb1,1
hla.dra,1
hla.drb1,1
hla.drb3,1
hla.drb4,1
hla.drb5,1
icam2,1
icam3,1
icoslg,1
jam2,1
jam3,1
loc102723996,1
lrrc4b,1
madcam1,1
nectin2,1
nectin3,1
nfasc,1
nrxn1,1
nrxn2,1
nrxn3,1
pdcd1lg2,1
ptprc,1
pvr,1
sele,1
sell,1
selp,1
selplg,1
spn,1
vsir,1
cd6,1
pdcd1,1
cd2,1
ctla4,1
nrcam,1
cd8a,1
cd8b,1
cd8b2,1
icos,1
cd226,1
ncam1,1
ncam2,1
ptprf,1
tigit,1
nectin1,1
nlgn1,1
nlgn2,1
nlgn3,1
nlgn4x,1
nlgn4y,1
cd22,1
glg1,1
siglec1,1
igsf11,1
baiap2,1
fer,1
iqgap1,1
lmo7,1
nectin4,1
ptpn1,1
ptpn6,1
ptprb,1
ptprj,1
ptprm,1
ssx2ip,1
wasf1,1
wasf2,1
wasf3,1
wasl,1
yes1,1
tjp1,1
snai1,1
actr2,1
actr3,1
actr3b,1
actr3c,1
amotl1,1
amotl2,1
arhgap17,1
arhgef18,1
arhgef2,1
arpc1a,1
arpc1b,1
arpc2,1
arpc3,1
arpc4,1
arpc5,1
arpc5l,1
bves,1
cgn,1
cgnl1,1
cldn1,1
cldn10,1
cldn11,1
cldn14,1
cldn15,1
cldn16,1
cldn17,1
cldn18,1
cldn19,1
cldn2,1
cldn20,1
cldn22,1
cldn23,1
cldn24,1
cldn25,1
cldn3,1
cldn34,1
cldn4,1
cldn5,1
cldn6,1
cldn7,1
cldn8,1
cldn9,1
crb3,1
cttn,1
epb41l4b,1
ezr,1
hcls1,1
hspa4,1
igsf5,1
marveld2,1
marveld3,1
micall2,1
mpdz,1
msn,1
ocln,1
rab13,1
rap2c,1
rdx,1
slc9a3r1,1
tjap1,1
tjp2,1
tjp3,1
whamm,1
ybx3,1
synpo,1
runx1,1
cd1a,1
cd1b,1
cd1c,1
cd1d,1
cd1e,1
rab8b,1
mpp4,1
gja1,1
gjd2,1
klf4,1
nanog,1
nanogp8,1
pou5f1,1
pou5f1b,1
tbx3,1
tcf3,1
esrrb,1
a2m,1
c1qa,1
c1qb,1
c1qc,1
c1r,1
c1s,1
cfb,1
cfd,1
f12,1
f3,1
f5,1
f7,1
f9,1
klkb1,1
masp1,1
masp2,1
mbl2,1
proc,1
procr,1
pros1,1
serpina1,1
serpina5,1
serpinb2,1
serpinc1,1
serpind1,1
serpinf2,1
serping1,1
tfpi,1
thbd,1
c2,1
c4a,1
c4b,1
f11,1
cpb2,1
f13a1,1
f13b,1
fga,1
fgb,1
fgg,1
f10,1
plaur,1
f8,1
col3a1,1
fermt3,1
p2ry12,1
ciita,1
lgmn,1
tapbp,1
nfya,1
nfyb,1
nfyc,1
rfx5,1
rfxank,1
rfxap,1
cd74,1
kir2dl1,1
kir2dl2,1
kir2dl3,1
kir2dl5a,1
kir2ds1,1
kir2ds2,1
kir2ds3,1
kir2ds4,1
kir2ds5,1
kir3dl1,1
kir3dl2,1
kir3dl3,1
klrc1,1
klrc2,1
klrc3,1
klrc4,1
klrd1,1
psme1,1
psme2,1
psme3,1
tap1,1
tap2,1
casp4,1
clec7a,1
cr1,1
cr1l,1
fpr2,1
fpr3,1
siglec9,1
tlr7,1
tlr8,1
padi4,1
gsdmd,1
elane,1
ager,1
ace,1
ace2,1
cma1,1
cpa3,1
ctsa,1
enpep,1
klk1,1
klk2,1
mme,1
nln,1
prcp,1
ren,1
thop1,1
lnpep,1
prep,1
atp6ap2,1
ikbke,1
irf3,1
irf5,1
irf7,1
ly96,1
tlr1,1
tlr5,1
tlr6,1
tlr9,1
tollip,1
aim2,1
card16,1
card18,1
card6,1
card9,1
casp5,1
casr,1
dhx33,1
erbin,1
gprc6a,1
ifi16,1
mavs,1
mefv,1
naip,1
nek7,1
nlrc4,1
nlrp1,1
nlrp12,1
nlrp6,1
nlrp7,1
nlrx1,1
nod1,1
nod2,1
pydc1,1
pydc2,1
pydc5,1
ripk2,1
rnasel,1
sting1,1
sugt1,1
tp53bp1,1
trip6,1
txnip,1
camp,1
pstpip1,1
card8,1
txn,1
txn2,1
azi2,1
ddx3x,1
dhx58,1
ifih1,1
isg15,1
otud5,1
pin1,1
rnf125,1
sike1,1
tbkbp1,1
cgas,1
bcl10,1
bcl3,1
cd209,1
clec1b,1
clec4d,1
clec4e,1
clec4m,1
clec6a,1
irf1,1
lsp1,1
malt1,1
il17d,1
egr2,1
egr3,1
cish,1
fhl1,1
il22ra2,1
pias1,1
pias2,1
pias3,1
pias4,1
ptpn2,1
socs2,1
socs4,1
socs5,1
socs6,1
socs7,1
gfap,1
pim1,1
cd244,1
cd247,1
cd48,1
hcst,1
mica,1
micb,1
raet1e,1
raet1g,1
raet1l,1
sh2d1a,1
sh3bp2,1
ulbp1,1
ulbp2,1
ulbp3,1
sh2d1b,1
ncr1,1
ncr3,1
klrc4.klrk1,1
klrk1,1
ncr2,1
cebpb,1
mapk15,1
mapk4,1
mapk6,1
traf4,1
usp25,1
defb4a,1
defb4b,1
lcn2,1
mmp13,1
mmp3,1
muc5ac,1
muc5b,1
s100a7,1
s100a7a,1
s100a8,1
s100a9,1
srsf1,1
gata3,1
maf,1
tbx21,1
nfkbie,1
runx3,1
ahr,1
cd3d,1
cd3e,1
cd3g,1
foxp3,1
rara,1
rora,1
rorc,1
irf4,1
grap2,1
dapp1,1
cd79a,1
cd79b,1
cd72,1
amph,1
asap1,1
asap2,1
asap3,1
bin1,1
dnm2,1
myo10,1
gsn,1
scin,1
marcks,1
marcksl1,1
bag4,1
cdh5,1
pecam1,1
thy1,1
txk,1
pigr,1
arntl,1
clock,1
cry1,1
cry2,1
fbxl3,1
npas2,1
nr1d1,1
per2,1
bhlhe40,1
bhlhe41,1
per1,1
per3,1
rorb,1
mtnr1a,1
mtnr1b,1
nos1ap,1
rasd1,1
kcnj3,1
kcnj5,1
kcnj6,1
kcnj9,1
actl6a,1
actl6b,1
arid1a,1
arid1b,1
dpf1,1
dpf3,1
frs2,1
kdm3a,1
kdm3b,1
klb,1
smarca2,1
smarca4,1
smarcb1,1
smarcc1,1
smarcc2,1
smarcd1,1
smarcd2,1
smarcd3,1
smarce1,1
znf516,1
kdm1a,1
rab3a,1
stxbp1,1
rims1,1
snap25,1
arhgdia,1
arhgdib,1
arhgdig,1
bex3,1
irak2,1
irak3,1
kidins220,1
sh2b1,1
sh2b2,1
sh2b3,1
maged1,1
prdm4,1
sort1,1
znf274,1
matk,1
nd1,1
nd2,1
nd3,1
nd4,1
nd4l,1
nd5,1
nd6,1
ndufa1,1
ndufa10,1
ndufa11,1
ndufa12,1
ndufa13,1
ndufa2,1
ndufa3,1
ndufa4,1
ndufa4l2,1
ndufa5,1
ndufa6,1
ndufa7,1
ndufa8,1
ndufa9,1
ndufab1,1
ndufb1,1
ndufb10,1
ndufb11,1
ndufb2,1
ndufb3,1
ndufb4,1
ndufb5,1
ndufb6,1
ndufb7,1
ndufb8,1
ndufb9,1
ndufc1,1
ndufc2,1
ndufc2.kctd14,1
ndufs1,1
ndufs2,1
ndufs3,1
ndufs4,1
ndufs5,1
ndufs6,1
ndufs7,1
ndufs8,1
ndufv1,1
ndufv2,1
ndufv3,1
dlgap1,1
shank1,1
shank2,1
shank3,1
chrm4,1
gabra1,1
gabra2,1
gabra3,1
gabra4,1
gabra5,1
gabra6,1
gabrb1,1
gabrb2,1
gabrb3,1
gabrd,1
gabre,1
gabrg1,1
gabrg2,1
gabrg3,1
gabrp,1
gabrq,1
trak2,1
hap1,1
nsf,1
plcl1,1
drd3,1
drd4,1
kif5a,1
kif5b,1
kif5c,1
caly,1
slc6a3,1
scn1a,1
gnaz,1
ppp1r17,1
loc102723532,1
loc107987545,1
loc112268384,1
ncald,1
or10a2,1
or10a3,1
or10a4,1
or10a5,1
or10a6,1
or10a7,1
or10ac1,1
or10ad1,1
or10ag1,1
or10c1,1
or10d3,1
or10g2,1
or10g3,1
or10g4,1
or10g6,1
or10g7,1
or10g8,1
or10g9,1
or10h1,1
or10h2,1
or10h3,1
or10h4,1
or10h5,1
or10j1,1
or10j4,1
or10j5,1
or10k1,1
or10k2,1
or10p1,1
or10q1,1
or10r2,1
or10s1,1
or10t2,1
or10v1,1
or10w1,1
or10x1,1
or10z1,1
or11a1,1
or11g2,1
or11h1,1
or11h12,1
or11h2,1
or11h4,1
or11h6,1
or11h7,1
or11l1,1
or12d1,1
or12d2,1
or12d3,1
or13a1,1
or13c2,1
or13c3,1
or13c4,1
or13c5,1
or13c8,1
or13c9,1
or13d1,1
or13f1,1
or13g1,1
or13h1,1
or13j1,1
or14a16,1
or14a2,1
or14c36,1
or14i1,1
or14j1,1
or14k1,1
or1a1,1
or1a2,1
or1b1,1
or1c1,1
or1d2,1
or1d4,1
or1d5,1
or1e1,1
or1e2,1
or1f1,1
or1g1,1
or1i1,1
or1j1,1
or1j2,1
or1j4,1
or1k1,1
or1l1,1
or1l3,1
or1l4,1
or1l6,1
or1l8,1
or1m1,1
or1n1,1
or1n2,1
or1q1,1
or1s1,1
or1s2,1
or2a1,1
or2a12,1
or2a14,1
or2a2,1
or2a25,1
or2a4,1
or2a42,1
or2a5,1
or2a7,1
or2ae1,1
or2ag1,1
or2ag2,1
or2aj1,1
or2ak2,1
or2ap1,1
or2at4,1
or2b11,1
or2b2,1
or2b3,1
or2b6,1
or2c1,1
or2c3,1
or2d2,1
or2d3,1
or2f1,1
or2f2,1
or2g2,1
or2g3,1
or2g6,1
or2h1,1
or2h2,1
or2j1,1
or2j2,1
or2j3,1
or2k2,1
or2l13,1
or2l2,1
or2l3,1
or2l5,1
or2l8,1
or2m2,1
or2m3,1
or2m4,1
or2m5,1
or2m7,1
or2s2,1
or2t1,1
or2t10,1
or2t11,1
or2t12,1
or2t2,1
or2t27,1
or2t29,1
or2t3,1
or2t33,1
or2t34,1
or2t35,1
or2t4,1
or2t5,1
or2t6,1
or2t7,1
or2t8,1
or2v1,1
or2v2,1
or2w1,1
or2w3,1
or2y1,1
or2z1,1
or3a1,1
or3a2,1
or3a3,1
or4a15,1
or4a16,1
or4a47,1
or4a5,1
or4b1,1
or4c11,1
or4c12,1
or4c13,1
or4c15,1
or4c16,1
or4c3,1
or4c45,1
or4c46,1
or4c5,1
or4c6,1
or4d1,1
or4d10,1
or4d11,1
or4d2,1
or4d5,1
or4d6,1
or4d9,1
or4e1,1
or4e2,1
or4f15,1
or4f16,1
or4f17,1
or4f21,1
or4f29,1
or4f3,1
or4f5,1
or4f6,1
or4k1,1
or4k13,1
or4k14,1
or4k15,1
or4k17,1
or4k2,1
or4k3,1
or4k5,1
or4l1,1
or4m1,1
or4m2,1
or4n2,1
or4n4,1
or4n4c,1
or4n5,1
or4p4,1
or4q2,1
or4q3,1
or4s1,1
or4s2,1
or4x1,1
or4x2,1
or51a2,1
or51a4,1
or51a7,1
or51b2,1
or51b4,1
or51b5,1
or51b6,1
or51d1,1
or51e1,1
or51e2,1
or51f1,1
or51f2,1
or51g1,1
or51g2,1
or51i1,1
or51i2,1
or51l1,1
or51m1,1
or51q1,1
or51s1,1
or51t1,1
or51v1,1
or52a1,1
or52a5,1
or52b2,1
or52b4,1
or52b6,1
or52d1,1
or52e1,1
or52e2,1
or52e4,1
or52e5,1
or52e6,1
or52e8,1
or52h1,1
or52i1,1
or52i2,1
or52j3,1
or52k1,1
or52k2,1
or52l1,1
or52m1,1
or52n1,1
or52n2,1
or52n4,1
or52n5,1
or52r1,1
or52w1,1
or56a1,1
or56a3,1
or56a4,1
or56a5,1
or56b1,1
or56b4,1
or5a1,1
or5a2,1
or5ac2,1
or5ak2,1
or5al1,1
or5an1,1
or5ap2,1
or5ar1,1
or5as1,1
or5au1,1
or5b12,1
or5b17,1
or5b2,1
or5b21,1
or5b3,1
or5c1,1
or5d13,1
or5d14,1
or5d16,1
or5d18,1
or5f1,1
or5h1,1
or5h14,1
or5h15,1
or5h2,1
or5h6,1
or5i1,1
or5j2,1
or5k1,1
or5k2,1
or5k3,1
or5k4,1
or5l1,1
or5l2,1
or5m1,1
or5m10,1
or5m11,1
or5m3,1
or5m8,1
or5m9,1
or5p2,1
or5p3,1
or5t1,1
or5t2,1
or5t3,1
or5v1,1
or5w2,1
or6a2,1
or6b1,1
or6b2,1
or6b3,1
or6c1,1
or6c2,1
or6c3,1
or6c4,1
or6c6,1
or6c65,1
or6c68,1
or6c70,1
or6c74,1
or6c75,1
or6c76,1
or6f1,1
or6j1,1
or6k2,1
or6k3,1
or6k6,1
or6m1,1
or6n1,1
or6n2,1
or6p1,1
or6q1,1
or6s1,1
or6t1,1
or6v1,1
or6x1,1
or6y1,1
or7a10,1
or7a17,1
or7a5,1
or7c1,1
or7c2,1
or7d2,1
or7d4,1
or7e24,1
or7g1,1
or7g2,1
or7g3,1
or8a1,1
or8b12,1
or8b2,1
or8b3,1
or8b4,1
or8b8,1
or8d1,1
or8d2,1
or8d4,1
or8g1,1
or8g5,1
or8h1,1
or8h2,1
or8h3,1
or8i2,1
or8j1,1
or8j3,1
or8k1,1
or8k3,1
or8k5,1
or8s1,1
or8u1,1
or8u3,1
or8u8,1
or8u9,1
or9a2,1
or9a4,1
or9g1,1
or9g4,1
or9g9,1
or9i1,1
or9k2,1
or9q1,1
or9q2,1
gnat3,1
pkd1l3,1
pkd2l1,1
scn2a,1
scn3a,1
scn9a,1
tas1r1,1
tas1r2,1
tas1r3,1
calhm1,1
gnat1,1
gnat2,1
guca1a,1
guca1b,1
guca1c,1
loc118142757,1
rcvrn,1
rgs9,1
rho,1
sag,1
p2ry2,1
ptger4,1
trpv1,1
trpv2,1
trpm8,1
trpv4,1
trpa1,1
abi2,1
arhgef4,1
arhgef6,1
arhgef7,1
brk1,1
cyfip1,1
cyfip2,1
diaph2,1
diaph3,1
fgd1,1
fgd3,1
git1,1
insrr,1
itgad,1
itgae,1
itgax,1
nckap1,1
nckap1l,1
spata13,1
tmsb4x,1
tmsb4y,1
iqgap2,1
iqgap3,1
exoc7,1
ppp1r3a,1
ppp1r3b,1
ppp1r3c,1
ppp1r3d,1
ppp1r3e,1
ppp1r3f,1
prkar1a,1
prkar1b,1
prkar2a,1
prkar2b,1
trip10,1
rhoq,1
flot1,1
flot2,1
ffar1,1
pclo,1
pdx1,1
rims2,1
abcc8,1
mmp14,1
star,1
ncoa1,1
ncoa2,1
ebag9,1
krt10,1
krt12,1
krt13,1
krt14,1
krt15,1
krt16,1
krt17,1
krt18,1
krt19,1
krt20,1
krt23,1
krt24,1
krt25,1
krt26,1
krt27,1
krt28,1
krt31,1
krt32,1
krt33a,1
krt33b,1
krt34,1
krt35,1
krt36,1
krt37,1
krt38,1
krt39,1
krt40,1
krt9,1
loc100653049,1
tff1,1
asip,1
csn2,1
elf5,1
slc2a2,1
asgr1,1
asgr2,1
duoxa2,1
pax8,1
ttf1,1
ttf2,1
tg,1
duox1,1
duox2,1
hdac3,1
med12,1
med12l,1
med13,1
med13l,1
med14,1
med16,1
med17,1
med24,1
med27,1
med30,1
med4,1
sin3a,1
thra,1
thrb,1
tbc1d4,1
rcan2,1
rcan1,1
agrp,1
trpm2,1
kcnj12,1
kcnj14,1
kcnj18,1
kcnj2,1
kcnj4,1
loc102724428,1
ppp4c,1
ppp4r3a,1
ppp4r3b,1
ppp4r3c,1
sik1,1
sik2,1
abhd5,1
aqp1,1
atf1,1
nr4a2,1
kcnk3,1
kcnk9,1
kcnk2,1
nr0b1,1
nr5a1,1
pbx1,1
nceh1,1
mrap,1
akap13,1
gcm1,1
gcm2,1
mafb,1
mmp15,1
mmp16,1
mmp17,1
mmp24,1
mmp25,1
naca,1
pthlh,1
runx2,1
slc34a1,1
slc34a2,1
slc34a3,1
vdr,1
bglap,1
trpv5,1
kcnj11,1
kcnn1,1
kcnn2,1
kcnn3,1
kcnn4,1
mafa,1
mlx,1
mlxip,1
mlxipl,1
nr1h2,1
oga,1
ogt,1
ppargc1b,1
ptpa,1
trib3,1
cebpa,1
nox4,1
aip,1
aipl1,1
ash2l,1
men1,1
rbbp5,1
wdr5,1
wdr5b,1
pou1f1,1
igfals,1
mir217,1
tra2a,1
tra2b,1
hhex,1
hnf1a,1
mnx1,1
neurod1,1
neurog3,1
nkx2.2,1
onecut1,1
pax6,1
foxa3,1
hnf4g,1
pax4,1
nkx6.1,1
hnf1b,1
nr5a2,1
nr3c2,1
scnn1a,1
scnn1b,1
scnn1g,1
fxyd4,1
kcnj1,1
calb1,1
aqp2,1
gast,1
kcne2,1
kcnj10,1
kcnj15,1
kcnj16,1
slc2a5,1
nr0b2,1
nr1h4,1
slc51a,1
slc51b,1
slc10a1,1
slco1a2,1
slco1b1,1
slco1b3,1
abcb11,1
abcb4,1
abcc2,1
cblif,1
cubn,1
slc40a1,1
s100g,1
trpv6,1
abca1,1
angptl3,1
angptl8,1
apob,1
apoc1,1
apoc2,1
apoe,1
apoh,1
lrpap1,1
mylip,1
npc1,1
pcsk9,1
stard3,1
tspo,1
cetp,1
lrp1,1
osbpl5,1
vapa,1
vapb,1
adrm1,1
app,1
cdk5r1,1
psma1,1
psma2,1
psma3,1
psma4,1
psma5,1
psma6,1
psma7,1
psma8,1
psmb1,1
psmb2,1
psmb3,1
psmb4,1
psmb5,1
psmb6,1
psmb7,1
psmc1,1
psmc2,1
psmc3,1
psmc4,1
psmc5,1
psmc6,1
psmd1,1
psmd11,1
psmd12,1
psmd13,1
psmd14,1
psmd2,1
psmd3,1
psmd4,1
psmd6,1
psmd7,1
psmd8,1
psmd9,1
rtn3,1
rtn4,1
apbb1,1
nae1,1
klc1,1
klc2,1
klc3,1
klc4,1
bace1,1
bace2,1
hspa5,1
keap1,1
park7,1
snca,1
trap1,1
uba1,1
uba7,1
ube2l3,1
ube2l6,1
gpr37,1
septin5,1
sncaip,1
slc18a1,1
slc18a2,1
actr10,1
actr1a,1
actr1b,1
als2,1
chchd10,1
dctn1,1
dctn2,1
dctn3,1
dctn4,1
dctn5,1
dctn6,1
dnah1,1
dnah10,1
dnah11,1
dnah12,1
dnah14,1
dnah17,1
dnah2,1
dnah3,1
dnah5,1
dnah6,1
dnah7,1
dnah8,1
dnah9,1
dnai1,1
dnai2,1
dnal1,1
dnal4,1
dnali1,1
hdac6,1
nefh,1
nefl,1
nefm,1
prph,1
tardbp,1
cox1,1
cox2,1
cox3,1
cox4i1,1
cox4i2,1
cox5a,1
cox5b,1
cox6a1,1
cox6a2,1
cox6b1,1
cox6b2,1
cox6c,1
cox7a1,1
cox7a2,1
cox7a2l,1
cox7b,1
cox7b2,1
cox7c,1
cox8a,1
cox8c,1
derl1,1
slc1a2,1
tomm40,1
tomm40l,1
hip1,1
htt,1
ift57,1
map3k10,1
rcor1,1
rest,1
taf4,1
taf4b,1
cyc1,1
cytb,1
uqcr10,1
uqcr11,1
uqcrb,1
uqcrc1,1
uqcrc2,1
uqcrfs1,1
uqcrh,1
uqcrhl,1
uqcrq,1
atxn2,1
atxn2l,1
atxn3,1
atxn3l,1
dab1,1
kat5,1
oma1,1
pum1,1
pum2,1
sptbn2,1
tbp,1
tbpl1,1
tbpl2,1
vldlr,1
slc1a6,1
opa1,1
gtf2b,1
myod1,1
prnp,1
stip1,1
lrrk2,1
gpsm1,1
arc,1
camkk1,1
h2bc1,1
h2bc10,1
h2bc11,1
h2bc12,1
h2bc12l,1
h2bc13,1
h2bc14,1
h2bc15,1
h2bc17,1
h2bc18,1
h2bc21,1
h2bc3,1
h2bc4,1
h2bc5,1
h2bc6,1
h2bc7,1
h2bc8,1
h2bc9,1
h2bk1,1
h2bu1,1
h2bw1,1
h2bw2,1
h3.3a,1
h3.3b,1
h3.4,1
h3.5,1
h3c1,1
h3c10,1
h3c11,1
h3c12,1
h3c13,1
h3c14,1
h3c15,1
h3c2,1
h3c3,1
h3c4,1
h3c6,1
h3c7,1
h3c8,1
h4.16,1
h4c1,1
h4c11,1
h4c12,1
h4c13,1
h4c14,1
h4c15,1
h4c2,1
h4c3,1
h4c4,1
h4c5,1
h4c6,1
h4c7,1
h4c8,1
h4c9,1
hat1,1
hdac10,1
hdac11,1
hdac7,1
hdac8,1
hdac9,1
loc102724334,1
pkia,1
arhgap10,1
arhgef26,1
elmo2,1
elmo3,1
rhog,1
dnm1,1
dnm3,1
slc12a2,1
adam10,1
csk,1
ptprz1,1
abcf2,1
abi1,1
myo1a,1
myo1b,1
myo1c,1
myo1d,1
myo1e,1
myo1f,1
myo1g,1
myo1h,1
myo5a,1
myo5b,1
myo5c,1
myo6,1
nlrp4,1
rps3,1
tmbim6,1
wipf1,1
wipf2,1
wipf3,1
capns1,1
cast,1
cbx3,1
fnbp1,1
fnbp1l,1
glmn,1
loc102724594,1
tecpr1,1
tifa,1
tnip1,1
u2af1,1
u2af1l4,1
ube2d1,1
ube2d2,1
ube2d3,1
ube2d4,1
ube2n,1
ube2nl,1
ube2v1,1
ube2v2,1
septin11,1
septin12,1
septin2,1
septin3,1
septin6,1
septin7,1
septin8,1
septin9,1
ahnak,1
ahnak2,1
anxa2,1
arl8a,1
arl8b,1
cse1l,1
dync2li1,1
dynll1,1
dynll2,1
dynlrb1,1
dynlrb2,1
dynlt1,1
dynlt3,1
exoc4,1
exoc5,1
fbxo22,1
fyco1,1
gcc2,1
kpna1,1
kpna3,1
kpna4,1
plekhm2,1
rab9a,1
rab9b,1
rhob,1
rhoh,1
s100a10,1
snx18,1
snx33,1
snx9,1
stx10,1
m6pr,1
fhod1,1
c4bpa,1
c4bpb,1
irf8,1
eef1a1,1
eef1a2,1
hsf1,1
arhgef28,1
git2,1
skap2,1
calr,1
hba1,1
hba2,1
hbb,1
hpr,1
irgm,1
serpinb10,1
serpinb13,1
serpinb3,1
serpinb4,1
serpinb6,1
serpinb9,1
cfh,1
cfi,1
fcar,1
cebpg,1
hspa9,1
hspd1,1
mrc1,1
mrc2,1
pla2r1,1
lamp1,1
lamp2,1
ifit1,1
ifit1b,1
eif3e,1
mx1,1
mx2,1
oas1,1
oas2,1
oas3,1
rsad2,1
cd46,1
rack1,1
slamf1,1
adar,1
pdia3,1
b2m,1
dnajb1,1
dnajc3,1
pml,1
chd4,1
nfx1,1
tada3,1
tert,1
ube3a,1
hes2,1
hes3,1
hes4,1
hes6,1
hes7,1
oasl,1
canx,1
spi1,1
polb,1
zfp36,1
pilra,1
pilrb,1
srpk1,1
srsf2,1
srsf3,1
srsf4,1
srsf5,1
srsf6,1
srsf7,1
srsf8,1
srsf9,1
cfp,1
bst2,1
rbak,1
zfp1,1
zfp14,1
zfp28,1
zfp30,1
zfp37,1
zfp57,1
zfp69,1
zfp69b,1
zfp82,1
zfp90,1
zfp92,1
zik1,1
zim3,1
znf10,1
znf100,1
znf101,1
znf107,1
znf112,1
znf114,1
znf12,1
znf124,1
znf132,1
znf133,1
znf135,1
znf136,1
znf14,1
znf140,1
znf141,1
znf154,1
znf155,1
znf157,1
znf160,1
znf169,1
znf17,1
znf175,1
znf177,1
znf180,1
znf181,1
znf182,1
znf184,1
znf189,1
znf19,1
znf195,1
znf2,1
znf20,1
znf200,1
znf205,1
znf208,1
znf211,1
znf212,1
znf214,1
znf221,1
znf222,1
znf223,1
znf224,1
znf225,1
znf226,1
znf227,1
znf229,1
znf23,1
znf230,1
znf233,1
znf234,1
znf235,1
znf248,1
znf25,1
znf250,1
znf251,1
znf253,1
znf254,1
znf256,1
znf257,1
znf26,1
znf267,1
znf268,1
znf273,1
znf275,1
znf282,1
znf283,1
znf284,1
znf285,1
znf286a,1
znf3,1
znf30,1
znf300,1
znf302,1
znf304,1
znf311,1
znf316,1
znf317,1
znf320,1
znf324,1
znf324b,1
znf331,1
znf333,1
znf334,1
znf337,1
znf33a,1
znf33b,1
znf34,1
znf343,1
znf347,1
znf350,1
znf354a,1
znf354b,1
znf354c,1
znf37a,1
znf382,1
znf383,1
znf398,1
znf404,1
znf41,1
znf415,1
znf416,1
znf417,1
znf418,1
znf419,1
znf420,1
znf425,1
znf426,1
znf429,1
znf43,1
znf430,1
znf431,1
znf432,1
znf433,1
znf436,1
znf439,1
znf44,1
znf440,1
znf441,1
znf442,1
znf443,1
znf45,1
znf454,1
znf460,1
znf461,1
znf468,1
znf470,1
znf471,1
znf473,1
znf479,1
znf480,1
znf484,1
znf486,1
znf490,1
znf492,1
znf506,1
znf510,1
znf514,1
znf517,1
znf519,1
znf527,1
znf528,1
znf529,1
znf530,1
znf534,1
znf540,1
znf543,1
znf544,1
znf546,1
znf547,1
znf548,1
znf549,1
znf550,1
znf551,1
znf552,1
znf554,1
znf555,1
znf556,1
znf557,1
znf558,1
znf559,1
znf559.znf177,1
znf560,1
znf561,1
znf562,1
znf563,1
znf564,1
znf565,1
znf566,1
znf567,1
znf568,1
znf569,1
znf57,1
znf570,1
znf571,1
znf573,1
znf577,1
znf578,1
znf582,1
znf583,1
znf584,1
znf585a,1
znf585b,1
znf587,1
znf589,1
znf595,1
znf596,1
znf597,1
znf599,1
znf600,1
znf605,1
znf606,1
znf607,1
znf610,1
znf611,1
znf613,1
znf614,1
znf615,1
znf616,1
znf619,1
znf620,1
znf621,1
znf623,1
znf624,1
znf627,1
znf630,1
znf641,1
znf649,1
znf658,1
znf662,1
znf665,1
znf667,1
znf669,1
znf670,1
znf671,1
znf674,1
znf675,1
znf676,1
znf677,1
znf679,1
znf680,1
znf682,1
znf684,1
znf688,1
znf689,1
znf699,1
znf7,1
znf700,1
znf701,1
znf705a,1
znf705d,1
znf707,1
znf708,1
znf709,1
znf713,1
znf714,1
znf716,1
znf717,1
znf718,1
znf721,1
znf726,1
znf727,1
znf729,1
znf730,1
znf735,1
znf736,1
znf737,1
znf74,1
znf746,1
znf749,1
znf761,1
znf763,1
znf764,1
znf765,1
znf766,1
znf768,1
znf77,1
znf772,1
znf773,1
znf777,1
znf778,1
znf780a,1
znf780b,1
znf782,1
znf783,1
znf785,1
znf786,1
znf79,1
znf790,1
znf791,1
znf792,1
znf793,1
znf799,1
znf8,1
znf805,1
znf808,1
znf81,1
znf813,1
znf814,1
znf816,1
znf823,1
znf829,1
znf83,1
znf836,1
znf84,1
znf841,1
znf845,1
znf846,1
znf85,1
znf850,1
znf853,1
znf860,1
znf875,1
znf878,1
znf879,1
znf888,1
znf891,1
znf90,1
znf91,1
znf93,1
znf98,1
znf99,1
zscan32,1
sap30,1
sap30l,1
fcer2,1
vim,1
cr2,1
polk,1
cul4a,1
cul4b,1
cul5,1
dcaf1,1
ddb1,1
rnf7,1
apobec3a,1
apobec3a_b,1
apobec3b,1
apobec3c,1
apobec3d,1
apobec3f,1
apobec3g,1
apobec3h,1
ap1b1,1
ap1g1,1
ap1g2,1
ap1m1,1
ap1m2,1
ap1s1,1
ap1s2,1
ap1s3,1
samhd1,1
trim5,1
c6,1
c7,1
c8a,1
c8b,1
c8g,1
c9,1
fau,1
rpl10,1
rpl10a,1
rpl10l,1
rpl11,1
rpl12,1
rpl13,1
rpl13a,1
rpl14,1
rpl15,1
rpl17.c18orf32,1
rpl17,1
rpl18,1
rpl18a,1
rpl19,1
rpl21,1
rpl22,1
rpl22l1,1
rpl23,1
rpl23a,1
rpl24,1
rpl26,1
rpl26l1,1
rpl27,1
rpl27a,1
rpl28,1
rpl29,1
rpl3,1
rpl30,1
rpl31,1
rpl32,1
rpl34,1
rpl35,1
rpl35a,1
rpl36,1
rpl36a.hnrnph2,1
rpl36a,1
rpl36al,1
rpl37,1
rpl37a,1
rpl38,1
rpl39,1
rpl3l,1
rpl4,1
rpl41,1
rpl5,1
rpl6,1
rpl7,1
rpl7a,1
rpl8,1
rpl9,1
rplp0,1
rplp1,1
rplp2,1
rps10.nudt3,1
rps10,1
rps11,1
rps12,1
rps13,1
rps14,1
rps15,1
rps15a,1
rps16,1
rps17,1
rps18,1
rps19,1
rps2,1
rps20,1
rps21,1
rps23,1
rps24,1
rps25,1
rps26,1
rps27,1
rps27l,1
rps28,1
rps29,1
rps3a,1
rps4x,1
rps4y1,1
rps4y2,1
rps5,1
rps7,1
rps8,1
rps9,1
rpsa,1
rsl24d1,1
alk,1
bcr,1
ccdc6,1
cks1b,1
cks2,1
cul2,1
eml4,1
epas1,1
jup,1
nkx3.1,1
rarb,1
runx1t1,1
terc,1
tfg,1
tpr,1
zbtb16,1
klk3,1
arnt2,1
pim2,1
lyl1,1
nfkbiz,1
sult1a1,1
sult1a2,1
sult1a3,1
sult1a4,1
ank1,1
ank2,1
ank3,1
ddx5,1
drosha,1
gpc1,1
gpc3,1
lum,1
mir10a,1
mir10b,1
mir21,1
sdc2,1
tfap4,1
timp3,1
twist1,1
twist2,1
cd63,1
hspb2,1
hoxd10,1
pdcd4,1
nudt16l1,1
mir1.1,1
mir1.2,1
mir100,1
mir101.1,1
mir101.2,1
mir103a1,1
mir103a2,1
mir103b1,1
mir103b2,1
mir106b,1
mir107,1
mir122,1
mir124.1,1
mir124.2,1
mir124.3,1
mir125a,1
mir125b1,1
mir125b2,1
mir126,1
mir128.1,1
mir128.2,1
mir129.1,1
mir129.2,1
mir133a1,1
mir133a2,1
mir133b,1
mir135a1,1
mir135a2,1
mir135b,1
mir137,1
mir141,1
mir143,1
mir145,1
mir146a,1
mir152,1
mir155,1
mir15a,1
mir15b,1
mir16.1,1
mir16.2,1
mir17,1
mir181a1,1
mir181a2,1
mir181b1,1
mir181b2,1
mir181c,1
mir181d,1
mir183,1
mir18a,1
mir193b,1
mir195,1
mir199a1,1
mir199a2,1
mir19a,1
mir19b1,1
mir19b2,1
mir200a,1
mir200b,1
mir200c,1
mir205,1
mir20a,1
mir210,1
mir214,1
mir221,1
mir222,1
mir223,1
mir224,1
mir23a,1
mir26a1,1
mir26a2,1
mir29a,1
mir29b1,1
mir29b2,1
mir29c,1
mir30a,1
mir30b,1
mir30c1,1
mir30c2,1
mir30d,1
mir30e,1
mir31,1
mir32,1
mir326,1
mir330,1
mir331,1
mir335,1
mir345,1
mir34a,1
mir34b,1
mir373,1
mir449a,1
mir451a,1
mir520a,1
mir520b,1
mir520c,1
mir520e,1
mir520g,1
mir520h,1
mir602,1
mir7.1,1
mir7.2,1
mir7.3,1
mir9.1,1
mir9.2,1
mir9.3,1
mir92a1,1
mir92a2,1
mir99a,1
mirlet7a1,1
mirlet7a2,1
mirlet7a3,1
mirlet7b,1
mirlet7c,1
mirlet7d,1
mirlet7e,1
mirlet7f1,1
mirlet7f2,1
mirlet7g,1
mirlet7i,1
foxp1,1
dicer1,1
slc7a1,1
slc45a3,1
bmi1,1
commd3.bmi1,1
bcl2l2,1
zeb1,1
zeb2,1
zfpm2,1
hnrnpk,1
reck,1
spry2,1
tp63,1
bmf,1
ube2i,1
cdca5,1
kif23,1
sox4,1
abcc1,1
abcb1,1
hmga2,1
igf2bp1,1
trim71,1
nr1i3,1
paqr5,1
paqr7,1
paqr8,1
ephx3,1
ephx4,1
klf5,1
as3mt,1
lpo,1
cebpe,1
arid2,1
brd7,1
pbrm1,1
phf10,1
cdx2,1
cdh17,1
muc2,1
reg4,1
slc1a5,1
sco2,1
slc22a1,1
slc22a2,1
slc22a3,1
slc22a4,1
slc22a5,1
slc44a1,1
slc44a2,1
slc44a3,1
slc44a4,1
slc44a5,1
slc5a7,1
batf,1
batf2,1
batf3,1
dmd,1
mybpc3,1
dsc2,1
dsg2,1
pdk2,1
pdk3,1
pdk4,1
cd55,1
lbp,1
mib1,1
mib2,1
pou2f1,1
pou2f2,1
pou2f3,1
sumo1,1
sumo2,1
sumo3,1
sumo4,1
cyp3a7.cyp3a51p,1